UniProt_ID,Cluster,Num_Ligands,cluster_mcs,ligands_list
O14757,104,3,"[#6]1:[#6]:[#6](:[#6]:[#6](:[#6]:1)-[#8,#6])-[#6]1:[#6]:[#6]:[#7]:[#6]2:[#6]:1:[#6](:[#6]:[#7]:2)-[#6]#[#7]","['5OPV_A3H', '5OPU_A3K', '5OPS_A3Q']"
O14757,107,8,"[#6](:[#6]:[#6]:,-[#6]-,:[#6]:[#6]:[#6]-,:[#6]-[#7]-[#6]1-[#6]-[#6]-[#6]-[#7]-[#6]-1):[#6]:[#6]","['3PA3_C70', '3PA4_C72', '3PA5_C73', '6FC8_D4Q', '6FCK_D4Z', '6FCF_D58', '2YDJ_YDJ', '2YDK_YDK']"
O14757,110,2,[#6]-[#7]1:[#6]:[#6](:[#6]:[#7]:1)-[#6]1:[#6]:[#7]:[#7]2:[#6]:1:[#7]:[#6](:[#6]:[#6]:2-[#7])-[#6](-[#6]-[#6]-[#6])-[#6],"['3OT3_22K', '3OT8_MI5']"
O14757,113,8,"[#6,#7]1:[#7,#6]:[#6]2:[#6](:[#7]:1):[#7]:[#6]:[#7,#6]:[#6]:2-[#7]1-[#6]-[#6]-[#8]-[#6]-[#6]-1","['5OP5_3FE', '2YM4_4YM', '2YM3_YM3', '2YM5_YM5', '2YM6_YM6', '2WMX_ZY6', '2WMV_ZYV', '2WMW_ZYW']"
O14757,114,2,"[#6]-[#7]-[#6]1:[#6](:[#6]:[#7]:[#6](:[#7]:1)-[#7]-[#6]1:[#6]:[#6]:[#6](:[#6]:[#6]:1-[#8]-[#6])-[#6](=[#8])-[#7]1-[#6]-[#6]-[#8,#6]-[#6]-[#6]-1)-[#6,#7](-[#9,#6])-[#9,#6]","['5OQ5_4K4', '5OP4_A0T']"
O14757,115,2,"[#6]1:[#6]:[#6](:[#6]:[#6](:[#6]:1)-[#8])-[#6]:[#6]:[#7]:[#6]:[#6]-,:[#6](:[#6]:[#6]:[#6]-,:[#6]):[#6]:[#6]","['4QYE_3DL', '2R0U_M54']"
O14757,116,3,"[#6]-[#6]:[#7,#6]:[#7,#6]:[#6]:[#6]-[#6]-[#7]-[#6]1-[#6]-[#6]-[#7,#6](-[#6]-[#6]-1)-[#6,#8]","['3NLB_5BE', '2E9N_76A', '2E9O_A58']"
O14757,119,5,"[#6](:[#6]):[#6]:[#6,#7]:[#6,#7]:[#6]-[#6]1:[#6]:[#6]2:[#6](:[#7]:1):[#6]:[#6]:[#6](:[#6]:2)-[#6,#8]-[#7,#6]-[#6]-[#6]-[#6,#7]-[#6]","['2HY0_306', '2HXQ_373', '2HXL_422', '5DLS_5CV', '2HOG_710']"
O14757,120,3,[#6](:[#6]):[#6](:[#7]:[#6])-[#7]-[#6]1:[#6]:[#7]:[#6](:[#6]:[#7]:1)-[#6]#[#7],"['5F4N_5UY', '2YM7_YM7', '2YM8_YM8']"
O14757,122,6,"[#6](:[#6]):,-[#6]:[#6]-,:[#6](:,-[#6]:[#6]:[#6]:[#6]:,-[#6]:,-[#7]:,-[#6]:,-[#6]):[#6]:[#7]:[#6]:,-[#7]","['4QYG_3DW', '4QYH_3DX', '4RVM_3X7', '4RVK_3XK', '4RVL_3XL', '5OPR_A3E']"
O14757,126,2,"[#6](:[#6]:[#6]:[#6](:,-[#6]:[#6]-,:[#6](:,-[#7]:,-[#6]:,-[#6]:,-[#6]):[#7]:[#6]):[#7]:[#7]):[#6]","['5OPB_A1N', '2C3L_IDZ']"
O14757,132,9,"[#6]-[#6,#7]1:[#6]:[#6]2:[#7,#6]:[#7,#6]:[#6,#7]:[#7,#6]:2:[#6](:[#6]:1:[#6]:[#6]:[#6]):[#6,#7]","['2QHN_582', '1NVR_STU', '2YER_TQ1', '1NVS_UCM', '1NVQ_UCN', '2X8D_X8D', '2X8E_X8E', '2X8I_X8I', '2YEX_YEX']"
O14757,133,7,"[#6]1:[#7,#8]:[#6](:[#6]:[#7,#6]:[#6](:[#7]:[#6]:[#7]:1)-[#16,#7]-[#6]-[#6]-[#7,#6,#8])-[#7,#6]","['2CGX_3D3', '2BRO_DF2', '2BRH_DFW', '2BRG_DFY', '2BRM_DFZ', '2BR1_PFP', '2BRB_PFQ']"
O14757,81,2,[#6](:[#6]):[#6]-[#6]1:[#6]:[#7]:[#6]2:[#7]:1:[#6]:[#6](:[#7]:[#6]:2)-[#6]1:[#6]:[#7]:[#7]:[#6]:1,"['2XF0_4UB', '2XEZ_XEZ']"
O14757,88,2,"[#6]1:[#6]:[#7]:[#6](:[#6]:[#6]:1-[#7]1-[#6]-[#6]-[#8,#7]-[#6]-[#6]-1)-[#7]-[#6]1:[#7]:[#6]:[#6](:[#16]:1)-[#6]1:[#6]:[#6]:[#6]:[#7]:[#6]:1","['3TKH_07S', '3TKI_S25']"
O14757,99,2,"[#6](:[#6]:[#6]:,-[#6]:,-[#7]-[#6]1:[#7]:[#6](:[#6]:[#16]:1)-[#6](=[#8])-[#7]-[#6](:[#6]):[#6](:[#6]:[#6])-[#7]1-[#6]-[#6]-[#7]-[#6]-[#6]-1):[#6]:[#6]:[#6]","['4HYH_1AM', '4HYI_1AO']"
O43570,15,2,"[#6]1:[#6]:[#6](:[#6]:[#6](:[#6]:1)-[#16,#17])-[#6](=[#8])-[#6]-[#16]-[#6]1:[#7]:[#6]:[#6]:[#6]:[#7]:1","['4KP5_E1F', '4KP8_E1G']"
O43570,18,4,"[#6]1:[#6](:[#6](:[#6]:[#6](:[#6]:1-[#16](=[#8])(=[#8])-[#7])-[#17])-[#16,#7]-[#6])-[#6](=[#8])-[#7]-[#6]-[#6]-[#8]","['6R6Y_EA3', '6G5L_EM5', '6G7A_EOQ', '6R71_JTW']"
O43570,19,5,[#6]-[#6]-[#16](=[#8])(=[#8])-[#6]1:[#6]:[#6](:[#6](:[#6](:[#6]:1-[#9])-[#9])-[#16](=[#8])(=[#8])-[#7])-[#9],"['5MSB_V13', '4Q0L_V14', '4QJO_V1F', '4QJW_WWO', '4QJ0_WWX']"
O76074,20,2,[#6]-[#6]-[#6]-[#8]-[#6]-[#6]-[#7]:[#6](:[#6](:[#7]:[#6]1:[#6]:[#7]:[#6](:[#6]:[#6]:1)-[#6]1:[#6]:[#6]:[#6](:[#7]:[#6]:1)-[#8]-[#6])-[#7]-[#6]-[#6]-[#7]1-[#6]-[#6]-[#8]-[#6]-[#6]-1)=[#8],"['3HC8_PD4', '3TGE_TGE']"
O76074,26,10,"[#6,#7]1:[#6]:[#6](=[#8]):[#7]:[#6](:[#7]:1)-[#6](:[#6]:[#6]-[#16,#6](=[#8,#6])-[#7,#6,#8]):[#6](:[#16,#6,#7])-[#8]-[#6]-[#6]","['2CHM_3P4', '4I9Z_5BA', '4IA0_5BB', '3SIE_5BO', '3SHZ_5CO', '4OEX_5EO', '4OEW_5IO', '4G2W_NI0', '1XP0_VDN', '3BJC_WAN']"
O76074,28,2,"[#6](:[#6](:[#6]:[#6,#8]):[#6](=[#8]):[#6]:[#6]-[#6](:[#6]:[#6]):[#16,#6]:[#6]):[#8,#6]:[#6]:[#6]-[#6]-[#6]","['4MD6_24E', '2H44_7CA']"
P00374,23,2,[#6]-[#6](=[#6]-[#6]1:[#6]:[#8]:[#6]2:[#6]:1:[#6](:[#7]:[#6](:[#7]:2)-[#7])-[#7])-[#6]1:[#6]:[#6]:[#6]:[#6]:[#6]:1-[#8]-[#6],"['3GYF_51P', '3NXO_D2B']"
P00374,29,3,"[#6]1:[#6](:[#6]:[#7]:[#6]2:[#6]:1:[#6](:[#7]:[#6](:[#7]:2)-[#7])-[#7])-[#6,#7]-[#6]","['4QJC_IXE', '1DLR_MXA', '1BOZ_PRD']"
P00374,33,2,[#6]-[#8]-[#6]1:[#6]:[#6](:[#6]:[#6]:[#6]:1)-[#6]-[#6]1:[#6]:[#7]:[#6](:[#7]:[#6]:1-[#7])-[#7],"['3FS6_DH1', '3S3V_TOP']"
P00374,36,7,"[#6]-[#16,#7]-[#6]1:[#6]:[#6]:[#6](:[#6]:[#6]:1)-[#6](=[#8])-[#7]-[#6](-[#6]-[#6]-[#6](=[#8])-[#8])-[#6](=[#8])-[#8]","['3NU0_3TU', '3NTZ_3TZ', '1DRF_FOL', '3GHC_GHC', '3GHW_GHW', '1HFQ_MOT', '3EIG_MTX']"
P00374,37,4,"[#7,#6]-[#6,#7]-[#6]1:[#6]:[#6]2:[#6](:[#7]:[#6](:[#7]:[#6]:2:[#7]:[#6]:1)-[#7])-[#7]","['4QJC_IXE', '1DLR_MXA', '4G95_OAG', '1BOZ_PRD']"
P00374,39,7,"[#6]-[#6]-[#6]1:[#6](:[#6](:[#7]:[#6](:[#7]:1)-[#7])-[#7])-[#8,#6]","['4KAK_06U', '4KEB_1QZ', '4KFJ_1R0', '4KBN_25U', '6A7C_9QO', '6A7E_9QR', '4DDR_MMV']"
P00520,7,4,"[#6]-[#6]1:[#6]:[#6]:[#6](:[#6]:[#6]:1-[#7,#6]-[#6,#9])-[#7]-[#6](=[#8])-[#6]1:[#6]:[#6]:[#6]:[#7,#6]:[#6]:1","['3IK3_0LI', '1FPU_PRC', '1IEP_STI', '3OY3_XY3']"
P00734,135,2,[#6]-[#6](-[#6])-[#7]1-[#6]-[#6]-[#6](-[#6]-[#6]-1)-[#6](=[#8])-[#7]-[#6]1:[#6](:[#6]:[#6]:[#6]:[#6]:1-[#8]-[#6]-[#6]1:[#6]:[#6](:[#8]:[#7]:1)-[#6]1:[#6]:[#6]:[#6](:[#16]:1)-[#17])-[#8]-[#6]-[#6]-[#6]-[#8]-[#6]1-[#6](-[#6](-[#6](-[#6](-[#8]-1)-[#6]-[#8])-[#8])-[#8])-[#8],"['6EO8_2FN', '6EO9_2OJ']"
P00734,150,3,[#6]-[#6](-[#6](=[#8])-[#7]1-[#6]-[#6]-[#8]-[#6]-[#6]-1)-[#7]1-[#6]-[#6]-[#6](-[#6]-1=[#8])-[#7]-[#16](=[#8])(=[#8])-[#6],"['2JH0_701', '2JH6_894', '2JH5_895']"
P00734,155,5,"[#6]-,:[#6]-[#6]-[#7]-[#6](=[#8])-[#6]1-[#6]-[#6]-[#6]-[#7]-1-[#6](=[#8])-[#6](-[#6](-[#6]1:[#6]:[#6]:[#6]:[#6]:[#6]:1)-[#6]1:[#6]:[#6]:[#6]:[#6]:[#6]:1)-[#7]","['1TA2_176', '3DHK_23U', '2ZO3_33U', '3DA9_44U', '6TDT_LXW']"
P00734,158,2,"[#6,#16]-[#7]-[#6](-[#6]-[#6]1:[#6]:[#6]:[#6]:[#6]:[#6]:1)-[#6](=[#8])-[#7]1-[#6]-[#6]-[#6]-[#6]-1-[#6](=[#8])-[#7]-[#6]-[#6]1-[#6]-[#6]-[#6,#7](-[#6]-[#6]-1)-[#7,#6]","['3TU7_0BM', '1TOM_MIN']"
P00734,163,29,[#6]-[#6]-[#6](-[#6](=[#8])-[#7]1-[#6]-[#6]-[#6]-[#6]-1-[#6](=[#8])-[#7]-[#6]-[#6]:[#6]:[#6])-[#7],"['3QX5_02P', '3QTV_06P', '3QTO_10P', '1TA2_176', '1TA6_177', '2ZFP_19U', '3UTU_1TS', '2ZGB_21U', '2ZC9_22U', '3DHK_23U', '2ZGX_29U', '2ZNK_31U', '2ZO3_33U', '2FES_3SP', '3DUX_64U', '3F68_91U', '3QWC_98P', '3P17_99P', '3SHC_B01', '3SI3_B03', '3SI4_B04', '6GBW_EU5', '6T4A_J5K', '6TDT_LXW', '6T3Q_M6Q', '4UDW_N6L', '3SV2_P05', '3SHA_P97', '1NT1_T76']"
P00734,167,5,"[#6](-[#7])-[#7,#6]-[#6]-[#6]-[#6,#7]-[#6]-[#7,#6]-[#6,#7]-[#6]-[#7,#6]-[#6,#7]-[#6]-[#7,#6]-[#16,#7]-[#6]-[#6]1:[#6]:[#6]:[#6]:[#6]:[#6]:1","['1JWT_BLI', '6GBW_EU5', '6GWE_ODB', '1YPM_RA4', '1YPL_RA8']"
P00734,177,12,[#7]=[#6](-[#6]1:[#6]:[#6]:[#6](:[#6]:[#6]:1)-[#6]-[#7]-[#6](=[#8])-[#6](-[#6])-[#7](-[#6])-[#6](=[#8])-[#6]-[#6]-[#6])-[#7],"['3UTU_1TS', '2ZI2_24U', '2ZHQ_27U', '2ZGX_29U', '2ZNK_31U', '2ZO3_33U', '4BAQ_M4Z', '4BAK_M67', '4BAN_M6S', '1K22_MEL', '4BAM_MM9', '4BAO_MVF']"
P00734,179,5,"[#6]-[#6](=[#8])-[#7]1-[#6]-[#6]-[#6]-[#6]-1-[#6](=[#8])-[#7]-[#6]-[#6]1:[#6]:[#6](:[#6]:[#6]:[#6]:1-[#6,#8]-[#7,#6])-[#17]","['1ZRB_062', '1TA6_177', '4YES_45S', '6GBW_EU5', '1NT1_T76']"
P00734,180,8,"[#6]1-[#6]-[#6]-[#6](-[#6]-[#6]-1)-[#6]-[#6](-[#6](=[#8])-[#7]-,:[#6](-,:[#6])-[#6](=[#8])-[#7]-[#6]-[#6])-[#7]-[#6]-[#6](=[#8])-[#8]","['1NZQ_162', '1O0D_163', '2FEQ_34P', '2FES_3SP', '2ANM_CDO', '1K21_IGN', '2ANK_N12', '2A2X_NA9']"
P00734,181,4,"[#6]-[#7]:[#6](:[#6]:[#6]):[#6](:[#6,#7]:[#6]-[#7,#6]-[#16,#7]-[#6]1:[#6]:[#6]:[#6]:[#6]:[#6,#7]:1):[#7,#6]:[#6]-[#6]-[#6,#7]","['1KTT_C02', '1KTS_C24', '1G32_R11', '1G30_T87']"
P00734,183,8,"[#6]1:[#6]:[#6](:[#6]:[#6]:[#6]:1-[#6]-[#7]1-[#6]-[#6]2-[#6](-[#6]-1=[#8])-[#6](-[#7](-[#6]-2-[#6])-[#6])-[#6]1:[#6]:[#6]:[#6](:[#6]:[#6]:1)-[#6]-[#7])-[#9,#8,#17]","['2CF9_348', '2CF8_ESH', '2CN0_F25', '1OYT_FSN', '1VZQ_SHY', '1YPJ_UIB', '1YPE_UIP', '1YPG_UIR']"
P00734,187,4,"[#16,#6]-[#6]-[#6]-[#7]1:[#6](=[#8]):[#7]2:[#7](:[#6]:1=[#8])-[#6](-[#6]=[#6]-[#6]-2)-[#6](=[#8])-[#7]-[#6]-[#6]-[#6]-[#6]-[#6]-[#6]","['1D9I_00P', '1D6W_00R', '1C4U_IH1', '1C4V_IH2']"
P00734,190,4,[#6]1:[#6]:[#6]:[#6](:[#6]:[#6]:1)-[#6]-[#6](-[#6](-[#6]-[#7]-[#16](=[#8])(=[#8])-[#6]1:[#6]:[#6]:[#6]:[#6]:[#6]:1)-[#8])-[#7],"['2C8Y_C3M', '2C93_C4M', '2C8X_C5M', '2C8W_C7M']"
P00734,195,22,"[#7]=[#6](-[#6]1:[#6]:[#6]:[#6](:[#6]:[#6]:1)-[#6]-[#7]-[#6]:,-[#6])-[#7]","['3UTU_1TS', '2ZI2_24U', '2ZHQ_27U', '2ZGX_29U', '2ZNK_31U', '2ZO3_33U', '2CF9_348', '2CF8_ESH', '1OYT_FSN', '2PKS_G44', '4BAQ_M4Z', '4BAK_M67', '4BAN_M6S', '1K22_MEL', '4BAM_MM9', '4BAO_MVF', '1VZQ_SHY', '5AFZ_UET', '1YPJ_UIB', '1YPE_UIP', '1YPG_UIR', '2BDY_UNB']"
P00734,197,6,"[#6]:,-[#6]-[#6]:[#7]:[#6]1:[#6]:[#6]:[#6](:[#6]:[#6]:1)-[#6](=[#7])-[#7]","['1GHV_120', '1GHY_121', '1O2G_696', '1C1V_BAB', '1GHW_BMZ', '1O5G_CR9']"
P00734,200,3,"[#6]1:[#6]:[#6]:[#6](:[#6]:[#6]:1)-[#6]-[#16,#6]-[#7,#6]-[#6,#7]-[#6]-[#6,#7]-[#6](-[#7,#6,#8])-[#16,#6]-[#6]-[#6]-[#6]-[#7,#6]-[#6]-[#6,#7]-[#6]-[#7,#6]-[#6,#7]-[#7,#6]","['1JWT_BLI', '1RIW_OSC', '1BHX_R56']"
P00734,201,3,"[#6]-[#6](-[#6]-[#7]-[#6]-[#6]:,-[#6]:,-[#6]:,-[#6]:[#16])-[#7]-[#16](=[#8])(=[#8])-[#6]1:[#6]:[#6]:[#6]:[#6]:[#6]:1","['4LOY_6XS', '4LXB_7R9', '1A4W_QWE']"
P00734,204,2,"[#6]-[#16,#6]-[#6]1:[#7,#6]:[#6](:[#7]:[#7]:1)-[#6]1:[#6]:[#6]:[#6](:[#6]:[#6]:1)-[#17]","['1WAY_L02', '1WBG_L03']"
P00734,206,7,"[#6,#17]-[#6]1:[#6]:[#7,#6]:[#6](:[#6,#7]:[#7,#6]:1-[#6]-[#6](=[#8])-[#7]-[#6]-[#6](:[#6,#7]:[#6,#7]):[#7,#6]:[#6])-[#7]-[#6,#16]-[#6]-[#6]1:[#6,#7]:[#6]:[#6]:[#6]:[#7,#6]:1","['1SL3_170', '1MU6_CDA', '1MU8_CDB', '1MUE_CDD', '1Z71_L17', '1NM6_L86', '3C1K_T15']"
P00734,210,2,"[#7,#6](-[#6](-[#6])-[#6,#9])-[#6,#7]-[#6]1:[#6]:[#6](:[#6]:[#6]:[#6]:1)-[#8,#6]-[#6]-[#6,#7]-[#6]-[#8,#6]-[#7,#8]-[#6,#7]-[#7,#6]","['1T4V_14A', '2R2M_I50']"
P00734,212,2,"[#6]1:[#6]:[#6](:[#6](:[#6]:[#6]:1)-[#6]-[#7]-[#6](=[#8])-[#6]-[#6,#7])-[#8,#6]-[#6]-[#6,#7]-[#7,#6]-[#6]-[#6]-[#6,#7]-[#7,#6]-[#6](-[#6]-[#7,#6])-[#6,#7]-[#6]","['1NM6_L86', '1NT1_T76']"
P00742,122,2,[#6]1:[#6]:[#6]:[#6]:[#6]2:[#6]:1:[#6]:[#6](:[#7]:2-[#6]-[#6]1:[#6]:[#6]:[#6]:[#6](:[#6]:1)-[#6](=[#7])-[#7])-[#6](=[#8])-[#7]-[#6]-[#6]1:[#6]:[#6]:[#6]:[#6]:[#6]:1,"['1LPZ_CMB', '1LPG_IMA']"
P00742,126,5,"[#6]-[#7](-[#6])(-[#6])-[#6]-[#6]-[#6]-[#7](-[#6]=[#8])-[#6](-[#6](-[#6]-[#6]:,-[#6]:,-[#6]:,-[#6])-[#6]-[#6]-,:[#7]-,:[#6]-,:[#6]-,:[#6])=[#8]","['2BOK_784', '2JKH_BI7', '2Y5G_FJD', '2Y5F_XWG', '2Y5H_Y5H']"
P00742,130,4,"[#6]-[#7]1-[#6]-[#6]-[#6]2:[#6](-[#6]-1):[#16]:[#6](:[#7]:2)-[#6](=[#8])-[#7]-[#6](:,-[#6]):,-[#6]-[#7]-[#6]-[#6]","['1V3X_D76', '3Q3K_D90', '2EI6_D92', '2EI7_D93']"
P00742,133,3,"[#6]-,:[#7](-,:[#6])-[#6]-[#6]1:[#6]:[#16]:[#6](:[#6]:1-[#17])-[#6](=[#8])-[#7]-[#6]1:[#6]:[#6]:[#6](:[#6]:[#6]:1-[#6](=[#8])-[#7]-[#6]:[#6]:[#6]:[#6](:[#6])-[#17])-[#17]","['2P3T_993', '1MQ5_XLC', '1MQ6_XLD']"
P00742,134,3,"[#6]-[#6](-[#6])-[#7]-[#16,#6]-[#6]-[#6]-[#7]-[#6](=[#8])-[#6]1:[#6]:[#6]:[#6]:[#16,#7]:1","['4A7I_A7I', '2BOH_IIA', '2BQ7_IID']"
P00742,135,4,"[#6]1:[#6]:[#6](:[#6]:[#6]:[#6]:1-[#6](=[#8])-[#7]-[#6]-,:[#6])-[#7]1:[#6]:[#6]:[#6]:[#6]:[#6]:1=[#8]","['3CEN_FXA', '2P93_ME1', '2P94_ME4', '2P95_ME5']"
P00742,136,3,"[#6]-[#7,#6]=[#6](-[#7]-[#6])-[#7]-[#6]1-[#6]-[#6]-[#6]-[#6]-[#7](-[#6]-1=[#8])-[#6]-[#6](=[#8])-[#7]1-[#6]-[#6]-[#6]-[#6]-1","['3ENS_ENS', '3K9X_MBM', '3HPT_YET']"
P00742,139,3,"[#6,#7](-[#6](-[#6]-[#6]1:[#6]:[#6]:[#6]:[#6](:[#6]:1)-[#6](=[#7])-[#7])-[#6](=[#8])-[#8,#7]-[#6])-[#7,#6]-[#6,#7]-[#6]","['1KSN_FXV', '1EZQ_RPR', '3LIW_RUP']"
P00742,140,11,"[#8,#6,#16]-[#6,#7]-[#6]-[#7,#6](-[#6](-[#6])-[#6](=[#8])-[#7]-[#6]1:[#6]:[#6]:[#6](:[#6]:[#6,#7]:1)-[#7,#6]1:[#6]:[#6]:[#6]:[#6]:[#6]:1)-[#6](=[#8])-[#7]-[#6]1:[#6]:[#6]:[#6](:[#6]:[#6,#7]:1)-[#17,#8]","['2PHB_230', '2PR3_237', '2XBW_455', '2XC0_8NC', '2Q1J_FXI', '2XC4_IVK', '2W3I_L1C', '2W3K_L1D', '2XC5_OYJ', '2XBX_RR8', '2XBV_XBV']"
P00742,142,19,"[#6]-,:[#6](-,:[#6])-[#7]1-[#6]-[#6]-[#6](-[#6]-1=[#8])-[#7]-[#16](=[#8])(=[#8])-[#6]","['2Y80_439', '2WYG_461', '4Y79_4O6', '2UWO_701', '2UWP_894', '2UWL_895', '2WYJ_898', '2Y82_930', '2Y81_931', '2Y7Z_C0Z', '2J94_G15', '2J38_GS5', '2J34_GS6', '2J4I_GSJ', '2CJI_GSK', '2J2U_GSQ', '2VH6_GSV', '2J95_GSX', '2Y7X_MZA']"
P00742,143,9,"[#6]1:[#6]:[#6](:[#6]:[#6]2:[#6]:1:[#6]:[#6](:[#6]:[#6]:2)-[#17])-[#16](=[#8])(=[#8])-[#6,#7]-[#6](-[#6](=[#8])-[#7](-[#6])-[#6])-[#8,#6]","['2Y80_439', '3KL6_443', '2Y82_930', '2Y81_931', '2Y7Z_C0Z', '3SW2_FI1', '2J4I_GSJ', '2CJI_GSK', '2Y7X_MZA']"
P00742,145,3,"[#6]1:[#6]:[#6](:[#6]:[#6]:[#6]:1)-[#7,#16]-[#6,#7]-[#6](-[#8,#6]-[#6,#7])-[#6]-[#7]-[#6](=[#8])-[#6]1:[#6]:[#6]:[#6](:[#16]:1)-[#17]","['4BTU_6XS', '4BTI_7R9', '2W26_RIV']"
P00742,149,6,[#6]-[#16](=[#8])(=[#8])-[#7]-[#6]-[#6](-[#7](-[#6]-[#6])-[#6]-[#6]:[#6]:[#6]:[#6]:[#6])=[#8],"['1F0R_815', '1F0S_PR2', '1NFX_RDR', '1NFU_RRP', '1NFW_RRR', '1NFY_RTR']"
P00742,151,2,"[#6,#7]-[#8,#6]-[#6](:[#6,#7]-[#9,#6]):[#7]:[#6]:[#6]:[#6]-[#7,#6](-[#6])-[#6]-[#6]","['1G2L_T87', '1FJS_Z34']"
P00742,154,10,"[#6]1:[#6]:[#6]:[#6](:[#6]:[#6]:1)-[#7]1:[#6](:[#6,#7]:[#6]:[#7,#6]:1)-[#6]-[#7]-[#6]","['2G00_4QC', '2FZZ_5QC', '3FFG_FFG', '2P16_GG2', '1Z6E_IK8', '2RA0_JNJ', '3CS7_LG0', '3KQB_LGJ', '3KQC_LGK', '3KQE_LGM']"
P00749,49,2,[#1]-[#7]=[#6](-[#6]1:[#6]:[#6]:[#6]2:[#6](:[#6]:1):[#6]:[#6]:[#6](:[#6]:2)-[#6](=[#8])-[#7]-[#6]1:[#6]:[#6]:[#6]:[#6]:[#6]:1)-[#7],"['1OWH_239', '1OWE_675']"
P00749,55,2,[#6]1:[#6]:[#6]2:[#6]:[#6]:[#6](:[#6]:[#6]:2:[#6](:[#6]:1)-[#7]-[#6]1:[#7]:[#6]:[#6]:[#6]:[#7]:1)-[#6](=[#7])-[#7],"['1SQA_UI1', '1SQO_UI2']"
P00749,56,6,"[#6]1:[#6]:[#6]:[#6](:[#6]:[#6]:1)-[#6]-[#7]-[#6](=[#8])-[#6]-[#7]-[#6](=[#8])-[#6](-[#6]-[#8])-[#7]-[#16](=[#8])(=[#8])-[#6]-[#6]-,:[#6]-,:[#6]","['1SC8_2IN', '1VJ9_5IN', '1VJA_7IN', '1W0Z_SI1', '1W11_SK1', '1W13_SM1']"
P00749,64,3,"[#1]-[#7]=[#6](-[#7])-[#7]-[#6]1:[#6]:[#6]:[#6](:[#6]:[#6]:1)-[#6]-[#6,#7]-[#6]","['2R2W_4PG', '1EJN_AGB', '1W13_SM1']"
P00749,68,5,"[#6]1:[#6](:[#6]:[#6](:[#6](:[#6]:1-[#17,#6])-[#8]-[#6]-[#6]-[#7])-[#17,#6])-[#6](=[#8])-[#8,#7]","['2VIQ_D55', '2VIW_D56', '2VIO_L1O', '2VIP_L1R', '2VIV_VG2']"
P00749,74,9,[#6]1(:[#6](:[#7]:[#6](:[#6]:[#7]:1)-[#7])-[#7])-[#6](=[#8])-[#7],"['5ZC5_09I', '5ZA8_27I', '5ZAF_28I', '5ZAJ_32I', '5ZA9_50I', '5ZAG_94I', '1F5L_AMR', '5ZAE_EAU', '5ZA7_HMX']"
P00749,80,11,"[#6,#7]1:[#6,#7]:[#6]:[#6,#16]:[#6](:[#16,#6]:[#6]:[#7,#6]:[#6,#7]:1)-[#6](=[#7])-[#7]","['1GI7_120', '1GI9_123', '1GJC_130', '1GJ7_132', '1GJ8_133', '1GJ9_134', '1O3P_655', '1O5A_696', '1O5C_CR9', '1C5X_ESI', '1C5Y_ESP']"
P00811,27,2,[#5](-[#6](-[#6]1:[#6]:[#6]:[#6]:[#6]:[#6]:1)-[#7]-[#6](=[#8])-[#6]-[#6]1:[#6]:[#6]:[#6]:[#16]:1)(-[#8])-[#8],"['1PI5_SM2', '1PI4_SM3']"
P00811,32,3,[#6]1:[#6]:[#6]:[#6]:[#6]:[#6]:1-[#6]-[#6](-[#6])-[#7]1-[#6](=[#8])-[#6]2:[#6](-[#6]-1=[#8]):[#6]:[#6](:[#6]:[#6]:2)-[#6](=[#8])-[#8],"['2R9W_23C', '2PU2_DK2', '2R9X_WH6']"
P00811,34,2,[#6]1:[#6]:[#6]:[#6]:[#6](:[#6]:1)-[#7]1-[#6]-[#6](-[#6]-[#6]-1=[#8])-[#6](=[#8])-[#8],"['3GVB_3GV', '3GQZ_GF7']"
P00811,36,7,"[#6]1:[#6]:[#16]:[#6](:[#6]:1-[#16](=[#8])(=[#8])-[#7]-[#6]-,:[#6]-,:[#6])-[#6](=[#8])-[#8]","['4JXS_18U', '4JXV_1MU', '4JXW_1MW', '1XGJ_HTC', '1XGI_NST', '4KZA_NZ9', '1L2S_STC']"
P00918,332,2,[#6]1:[#6]:[#6]:[#6](:[#6]:[#6]:1)-[#7]1:[#6]:[#6](:[#7]:[#7]:1)-[#6]-[#8]-[#6]1:[#6]:[#6]:[#6]:[#6]:[#6]:1,"['5LJT_A6N', '5LJQ_ANV']"
P00918,353,7,[#6]-[#6]-[#6]-[#6]-[#6]-[#6]-[#6]-[#6]-[#8]-[#16](=[#8])(=[#8])-[#7],"['3IBI_BOW', '3IBU_O48', '3IBL_O59', '3IBN_O60', '2GD8_PO1', '2X7T_WZB', '2X7S_WZC']"
P00918,354,6,[#6]-[#6]-[#6]-[#6]1:[#6]:[#6]:[#6](:[#6]:[#6]:1)-[#16](=[#8])(=[#8])-[#7],"['2QO8_3CC', '4YXU_4JE', '6SBH_L4K', '2NNO_M28', '2NNV_M29', '2QOA_MAJ']"
P00918,358,2,"[#6]1:[#6]:[#6](:[#6]:[#6]:[#6]:1-[#6]1:[#6]:[#6]:[#6](:[#6]:[#6]:1)-[#16](=[#8])(=[#8])-[#7])-[#7,#6]","['5E2R_520', '5E28_BC5']"
P00918,374,2,"[#6]-[#16]-[#6]1:[#7]:[#6](:[#6](:[#6](:[#7]:1)-[#17])-[#6]=[#8])-[#7]-[#6]:,-[#6]:[#6]:[#6]:[#6]:[#6]","['3MHO_J43', '3M5E_JDR']"
P00918,379,2,"[#6]1:[#6]:[#6](:[#6]:[#6]:[#6]:1-[#9,#6])-[#7]-[#6](=[#8])-[#7]-[#6]1:[#6]:[#6](:[#6]:[#6](:[#6]:1-[#8])-[#7](-[#8])=[#8])-[#16](=[#8])(=[#8])-[#7]","['6EEA_J3V', '6EEO_J6V']"
P00918,384,2,[#6]1:[#6]:[#6](:[#6]:[#6]:[#6]:1-[#7]-[#6]1:[#7]:[#6](:[#7]:[#6](:[#7]:1)-[#17])-[#7]-[#6]-[#6]-[#8])-[#16](=[#8])(=[#8])-[#7],"['3MMF_D9H', '3MNA_DWH']"
P00918,386,8,"[#6]-[#6]-[#6,#7]-[#6]-[#7,#6]-[#6,#7]-[#6]-[#7,#6]-[#6]1:[#6]:[#6]:[#6](:[#6]:[#6]:1)-[#16](=[#8])(=[#8])-[#7]","['4ILX_1EZ', '2QO8_3CC', '6ODZ_M8J', '6OE0_M8S', '6OE1_M8V', '3MZC_S6I', '5EKJ_TG4', '5EKM_TG5']"
P00918,387,13,"[#6]1:[#6]:[#6](:[#6]:[#6]:[#6]:1-[#6]-[#6]-[#8,#7])-[#16](=[#8])(=[#8])-[#7]","['2QO8_3CC', '5WLV_42G', '5NY3_9E8', '6EQU_BVE', '6B5A_CQS', '2F14_FL1', '3M3X_JS7', '2NNS_M25', '1ZE8_PIU', '3NB5_R21', '4YYT_S2O', '5EKJ_TG4', '2NNG_ZYX']"
P00918,395,2,"[#6]-[#6]1:[#7]:[#6]:[#6](:[#7]:1-[#6]-[#6]-[#8,#7]-[#16](=[#8])(=[#8])-[#7])-[#7](=[#8])-[#8]","['5O07_1VQ', '4MO8_2VQ']"
P00918,400,3,[#6]-[#6]-[#7]-[#16](=[#8])(=[#8])-[#6]1:[#6]:[#6](:[#6]:[#6]:[#6]:1-[#6](=[#8])-[#8])-[#16](=[#8])(=[#8])-[#7],"['5AMD_45I', '5AML_51J', '5AMG_IW7']"
P00918,401,2,[#6]1:[#6]:[#6](:[#6]:[#6]:[#6]:1-[#6]-[#6]-[#6](=[#8])-[#8])-[#16](=[#8])(=[#8])-[#7],"['2NNO_M28', '2NNV_M29']"
P00918,406,2,[#6]-[#6]1:[#6]:[#6]:[#6]:[#6]:[#6]:1-[#6]1:[#6]:[#6]:[#6](:[#6]:[#6]:1)-[#16](=[#8])(=[#8])-[#7],"['5E2S_5CX', '5SZ5_72E']"
P00918,407,2,"[#6]1:[#6]:[#6](:[#6]:[#6](:[#6]:1)-[#7,#6])-[#6]1:[#6]:[#6]:[#6](:[#6]:[#6]:1)-[#16](=[#8])(=[#8])-[#7]","['5SZ6_72G', '5E2K_BX4']"
P00918,409,2,"[#6]-[#6](=[#6]-[#6](=[#8])-[#8])-[#6]1:[#6]:[#6]:[#6](:[#6]:[#6]:1)-[#17,#8]","['5EH8_5O6', '5FLS_6ZX']"
P00918,430,3,"[#6]1:[#6]:[#6](:[#16]:[#6]:1)-[#6]-[#6](=[#8])-[#7]-[#6](:[#7,#6]:[#7,#6]:[#6]-[#16](=[#8])(=[#8])-[#7]):[#16,#6]","['4IWZ_1GO', '3R17_5UM', '3R16_5UN']"
P00918,431,7,"[#6,#7]-[#6](=[#8])-[#7]-[#6]-[#6]-[#6]1:[#6]:[#6]:[#6](:[#6]:[#6]:1)-[#16](=[#8])(=[#8])-[#7]","['2QO8_3CC', '5WLV_42G', '5NY3_9E8', '6B5A_CQS', '2NNS_M25', '3NB5_R21', '5EKJ_TG4']"
P00918,434,2,[#6]-[#6]1:[#6]:[#6](:[#7](:[#6](:[#6]:1)-[#6])-[#6]-[#6]-[#6]1:[#6]:[#6]:[#6](:[#6]:[#6]:1)-[#16](=[#8])(=[#8])-[#7])-[#6],"['6EQU_BVE', '1ZE8_PIU']"
P00918,439,3,"[#6]-[#6]-[#7,#52]-[#6]-[#6](-[#6]-[#8]-[#6]1:[#6]:[#6]:[#6](:[#6]:[#6]:1)-[#16,#6](=[#8])-[#7])-[#8]","['5WLV_42G', '5WLT_86B', '6PGX_OJ4']"
P00918,441,3,[#6]-[#6]-[#6]-[#6]-[#6](=[#8])-[#7]-[#6]1:[#6]:[#6]:[#6](:[#6]:[#6]:1)-[#16](=[#8])(=[#8])-[#7],"['4ILX_1EZ', '3OY0_OY0', '3OYQ_OYQ']"
P00918,446,2,[#6]1:[#6]:[#6]:[#6](:[#6]:[#6]:1)-[#16](=[#8])(=[#8])-[#7]-[#8],"['3T5U_A09', '3T5Z_B09']"
P00918,452,4,"[#6]1:[#6]:[#6](:[#6]:[#6]:[#6]:1-[#7]-[#6](=[#8])-[#6]-[#7](:,-[#6]:,-[#6]:,-[#6]):,-[#6](:,-[#7])=[#8])-[#16](=[#8])(=[#8])-[#7]","['6ODZ_M8J', '6OE0_M8S', '6OE1_M8V', '6VJ3_QYA']"
P00918,454,7,"[#6]1:[#6]:[#6](:[#6]:[#6]:[#6]:1-[#7]-[#6]-[#7]-[#6](-,:[#6]-,:[#6])-,:[#6]-,:[#6])-[#16](=[#8])(=[#8])-[#7]","['3EFT_3BS', '5WEX_8JS', '3N2P_AYX', '3N0N_P9B', '3MZC_S6I', '3N3J_WWV', '3N4B_WWZ']"
P00918,469,2,[#6]1:[#6]:[#6]:[#6](:[#6]:[#6]:1)-[#6]-[#6]1-[#6](=[#8])-[#7]-[#6](-[#16]-1)=[#16],"['5U0F_7R1', '5U0E_7R4']"
P00918,471,2,"[#6,#16]1-[#8]-[#6]2-[#6](-[#8]-1)-[#6]1-[#6](-[#8]-[#6]-2)(-[#6]-[#7,#8]-[#16](=[#8])(=[#8])-[#7])-[#8]-[#6](-[#8]-1)(-[#6])-[#6]","['2H15_B19', '1EOU_SMS']"
P00918,479,5,"[#6](:,-[#6]:[#6]:[#6]:[#6]):,-[#6]-[#7]-[#6]1:[#6](:[#6]:[#7]:[#6]:[#7]:1)-[#7](=[#8])-[#8]","['3M40_J45', '3MHL_J71', '3MHM_J75', '3MHI_J90', '3M3X_JS7']"
P00918,481,13,"[#6,#7]-[#6,#7]-[#6]-[#7](-[#6](=[#8])-[#6]1:[#6]:[#6]:[#6](:[#6]:[#6]:1)-[#16](=[#8])(=[#8])-[#7])-[#6]","['4Z0Q_4K9', '4Z1K_4KB', '4Z1J_4KC', '5N0D_8F2', '5N0E_8F3', '6H2Z_FKE', '6H34_FKK', '6H33_FKQ', '6RG3_K1W', '6RG4_K45', '6RHK_K4B', '6RHJ_K4H', '6XXT_O42']"
P00918,488,14,"[#6](:[#6]:[#7]:[#6]-[#16]-[#6]-[#6](=[#8])-[#6]1:[#6]:[#6]:[#6]:[#6]:[#6]:1):[#6]:[#7,#6]","['4KNI_E1E', '4KNJ_E1F', '3MYQ_E27', '3SAP_E2I', '3M67_E36', '3M96_E38', '3S9T_E49', '3SAX_E50', '3S8X_E59', '3SBH_E65', '3SBI_E90', '4QSA_EWW', '4QSB_EWY', '4QSI_EWZ']"
P00918,492,2,"[#6]1:[#6]:[#6]:[#6](:[#6](:[#6]:[#6]:1)=[#8,#16])-[#8]","['5THI_0TR', '5THN_7CZ']"
P00918,502,2,"[#6,#7]1:[#7,#8]:[#6]:[#6](:[#8,#6]:1)-[#6]1:[#6]:[#6]:[#6](:[#6]:[#6]:1)-[#16](=[#8])(=[#8])-[#7]","['5NEA_8V8', '2AW1_COX']"
P00918,505,3,"[#6]1:[#6]:[#6]:[#6](:[#6]:[#6]:1)-[#6]1-[#6](=[#8])-[#7]-[#6](-[#8,#16]-1)=[#8]","['5TXY_7Q1', '5TYA_7QS', '5TY9_7QV']"
P00918,506,3,[#6]-[#6]-[#34]-[#6]1:[#6]:[#6]:[#6](:[#6]:[#6]:1)-[#16](=[#8])(=[#8])-[#7],"['6CEH_EZ1', '6D1L_FQV', '6D1M_FQY']"
P00918,508,41,[#6]-[#6]-[#7]-[#6](=[#8])-[#6]1:[#6]:[#6]:[#6](:[#6]:[#6]:1)-[#16](=[#8])(=[#8])-[#7],"['4Z0Q_4K9', '4Z1K_4KB', '4Z1J_4KC', '5N0D_8F2', '5N0E_8F3', '1G4O_BSB', '3V7X_D7A', '1CNW_EG1', '1CNX_EG2', '1CNY_EG3', '1G52_F2B', '1G48_F6B', '1G4J_FFB', '6H2Z_FKE', '6H34_FKK', '6H33_FKQ', '1G45_FSB', '1I9L_INV', '1I9M_INW', '1I9N_IOA', '1I9O_IOC', '1I9P_IOE', '1I9Q_IOF', '6RG3_K1W', '6RG4_K45', '6RHK_K4B', '6RHJ_K4H', '6XXT_O42', '3RYJ_RYJ', '3RYV_RYV', '3RYX_RYX', '3RYY_RYY', '3RYZ_RYZ', '3RZ0_RZ0', '3RZ1_RZ1', '3RZ5_RZ5', '3RZ7_RZ7', '3RZ8_RZ8', '1IF7_SBR', '1IF8_SBS', '1OKN_STB']"
P00918,509,3,[#6]1:[#6]:[#6]2:[#6](:[#6]:[#6]:1)-[#16](=[#8])(=[#8])-[#7]-[#6](-[#7]-2)=[#8],"['6UGR_Q71', '6UGN_Q77', '6UGP_Q7A']"
P00918,510,3,"[#6]-,:[#6]-[#8]-[#6]:,-[#6]:[#6]:[#6](:[#6]:[#6])-[#6]-[#6](=[#8])-[#8]","['5EHV_5ON', '5FLQ_IO2', '5FNJ_YI6']"
P00918,516,3,"[#6]1:[#6](:[#6]:[#6]:[#6](:[#6]:1-[#16](=[#8])(=[#8])-[#7])-[#17,#7])-[#16](=[#8])(=[#8])-[#7]","['2POU_I7A', '2POV_I7B', '2POW_I7C']"
P00918,518,2,[#6]1:[#6]:[#6]2:[#6](:[#6]:[#6]:1-[#16](=[#8])(=[#8])-[#7])-[#6]-[#6]-[#6]-2,"['2QO8_3CC', '2QOA_MAJ']"
P00918,522,2,"[#6]-[#8]-[#6]1:[#6]:[#6]:[#6]2:[#6](:[#6]:1):[#6,#8]:[#6]:[#6]:[#7,#6]:2-[#6]-[#6]","['4Z1E_DF5', '3ML2_SU0']"
P00918,524,4,"[#6]1:[#6]:[#6](:[#6]:[#6]:[#6]:1-[#7]-[#16](=[#8])(=[#8])-[#7,#6])-[#16,#5]-[#7,#8]","['3V5G_0F3', '5NXI_9DE', '3MNU_BON', '2Q1Q_OSP']"
P00918,528,4,"[#6]-[#8]-[#6]1:[#6]:[#6]:[#6](:[#6](:[#6]:1)-[#8]-[#6])-[#6]-[#8,#6]-[#6](-[#7]-[#6]=[#8,#16])=[#8,#16]","['5TY9_7QV', '5U0F_7R1', '5U0D_7R7', '5VGY_9AA']"
P00918,530,2,[#6]-[#6]1:[#6]:[#6](=[#16]):[#6]:[#6]:[#8]:1,"['4MLT_TM4', '4MLX_TM7']"
P00918,532,4,[#6]1:[#6]:[#6]:[#6]:[#6](:[#6]:1)-[#8]-[#6]-[#6]1:[#7]:[#7]:[#7]:[#7]:1,"['5EH7_5O5', '5FLP_6J5', '5FLO_J4K', '5FNI_YIH']"
P00918,536,2,"[#6]-[#7,#6]1:[#6]:[#6,#7](:[#7]:[#7]:1)-[#6]-[#8]-[#6](-[#6](-[#6](-[#6]-[#8])-[#8])-[#8])-[#8,#6]-[#6,#8]","['6GCY_3QR', '4RN4_3T7']"
P00918,540,2,"[#6,#7]-[#6,#7]-[#7,#6]-[#6]1:[#7,#6]:[#6]2:[#6](:[#8,#7]:1):[#6]:[#6]:[#6](:[#6]:2)-[#16](=[#8])(=[#8])-[#7]","['5TFX_7B1', '3B4F_TUO']"
P00918,553,4,"[#6,#7]-[#7,#16]-[#6]1-[#6](-[#6](-[#6](-[#6](-[#8]-1)-[#6]-[#8])-[#8])-[#8])-[#8]","['4R59_3J3', '4R5B_3J4', '4ZWX_5KZ', '2HL4_BO1']"
P00918,557,9,"[#6]1(:[#6](:[#6](:[#6](:[#6](:[#6]:1-[#9])-[#9])-[#16](=[#8])(=[#8])-[#7,#6])-[#9,#7])-[#9,#7])-[#9,#16]","['4WW6_3TV', '5DOH_5DU', '5DRS_5EF', '6SD7_L7T', '4Q07_V14', '4QJM_V1F', '4Q08_V90', '4QTL_WWO', '4QIY_WWX']"
P00918,563,4,[#6]1:[#6]:[#6]:[#6]2:[#6](:[#6]:1)-[#6](=[#8])-[#7]-[#16]-2(=[#8])=[#8],"['6GCY_3QR', '4XE1_IL5', '6FJJ_LSA', '5CLU_S8A']"
P00918,564,9,[#6]1:[#6]:[#6]:[#6]:[#7](:[#6]:1=[#16])-[#8],"['4Q7S_2YU', '4Q83_3FH', '4Q7P_3MH', '4Q87_4FH', '4Q7V_5MH', '4Q7W_6MH', '4Q8X_7FH', '4Q81_7MH', '4Q8Y_HQT']"
P00918,567,2,"[#6]1:[#6]:[#6](:[#6](:[#6]:[#6]:1-[#17,#8])-[#17,#8])-[#6]=[#6]-[#6](=[#8])-[#8]","['5EHW_5OO', '3F8E_TE1']"
P00918,570,7,"[#6,#8]-[#8,#6]-[#6](-[#6](-[#8]-[#6]-[#8,#6,#7])-[#6]-[#8,#6]-[#16](=[#8])(=[#8])-[#7])-[#6,#8]","['4ZWX_5KZ', '6C7X_EO7', '6C7W_LMS', '3T82_SG4', '3T84_SG6', '3T85_SG7', '1EOU_SMS']"
P00918,571,2,"[#6]1-[#6]-[#8,#6]-[#6]-[#6]-[#7]-1-[#6](=[#16])-[#16]","['3P5A_IT2', '3P5L_IT5']"
P00918,572,4,"[#6](:[#6]:[#6]):[#6]:[#6]:,-[#6]-[#6]-[#7]-[#16](=[#8])(=[#8])-[#7]","['5FDI_5WM', '5FDC_5WN', '3IGP_DT7', '4PQ7_IL3']"
P00918,580,4,"[#6]-[#6,#7]-[#7]-[#6]-[#6]1:[#6]:[#6](:[#6](:[#6]:[#6]:1)-[#17])-[#16](=[#8])(=[#8])-[#7]","['3BL1_BL1', '6G6T_ENN', '6R6J_JTW', '3F4X_KLT']"
P00918,582,11,"[#6]-,:[#6](-,:[#6]-,:[#6])-,:[#6](-,:[#6])-,:[#6]-,:[#6]-,:[#6]-[#8]-[#16](=[#8])(=[#8])-[#7]","['1TTM_667', '3BET_CTF', '6E92_HZY', '6E91_J04', '6E8X_J0A', '2WD3_MS4', '2GD8_PO1', '3C7P_POF', '2X7U_WZA', '2X7T_WZB', '2X7S_WZC']"
P00918,586,11,[#7]:[#6](:[#16]:[#6])-[#16](=[#8])(=[#8])-[#7],"['2HOC_1CN', '4IWZ_1GO', '2HNC_1SA', '4RN4_3T7', '3MHC_ARZ', '3HS4_AZM', '3NI5_C1H', '3DBU_D8W', '3DCC_D9Z', '5JGS_EVF', '6QL2_EZL']"
P00918,587,2,"[#6]1:[#6]:[#6](:[#6](:[#6]:[#6]:1-[#6,#7]-[#6](=[#7]-[#8])-[#6])-[#35])-[#8,#9]","['6IC2_BBJ', '5G03_OE2']"
P00918,607,21,"[#6,#16]-[#6]1:[#6,#16]:[#6](:[#16,#6]:[#6]:1)-[#16](=[#8])(=[#8])-[#7]","['5MJN_7O8', '5NEE_8V5', '4BF1_9FK', '1BNN_AL1', '1BNT_AL2', '1BNU_AL3', '1BNQ_AL4', '1BN1_AL5', '1BN3_AL6', '1BNV_AL7', '1BN4_AL9', '4M2R_BZ1', '1CIL_ETS', '1I8Z_INL', '1I90_INM', '1I91_INQ', '1CIN_MTS', '3K2F_NKX', '1CIM_PTS', '1BNW_TPD', '4BF6_X0Q']"
P00918,612,13,"[#6]1:[#6]:[#6](:[#6]:[#6]:[#6]:1-[#8]-[#16](=[#8])(=[#8])-[#7]):,-[#6]","['3DD8_2C7', '1XQ0_4TR', '1XPZ_4TZ', '1TTM_667', '3BET_CTF', '6E92_HZY', '6E91_J04', '6E8X_J0A', '2WD3_MS4', '2GD8_PO1', '3C7P_POF', '2X7U_WZA', '2X7T_WZB']"
P00929,10,2,[#6]1:[#6]:[#6]:[#6](:[#6](:[#6]:1)-[#8])-[#16]-[#6]-[#6]-[#6]=[#6]-[#15](=[#8])(-[#8])-[#8],"['1C8V_HE1', '1C9D_HF1']"
P00929,14,2,"[#6]1:[#6]:[#6]:[#6](:[#6](:[#6]:1)-[#7,#8])-[#16]-[#6]-[#6]-[#6]-[#6]-[#15](=[#8])(-[#8])-[#8]","['1CW2_HSP', '1CX9_NHP']"
P00929,16,4,"[#6](:[#6]:[#6]:[#6]:[#6]-[#6,#16]-[#6,#7]-[#6]-[#8,#6]-[#15,#8]-[#8,#15]):[#6]","['2CLH_F19', '2CLE_F6F', '2CLI_F9F', '1A5S_FIP']"
P02766,42,3,"[#6]1:[#6]:[#6](:[#6](:[#6]:[#6]:1-[#6]1:[#6]:[#6](=[#8]):[#6]2:[#6](:[#8]:1):[#6]:[#6](:[#6]:[#6]:2-[#8])-[#17,#8])-[#8])-[#8]","['5IHH_6B5', '5EN3_7LU', '4DEW_LU2']"
P02766,46,2,[#6]1:[#6]:[#6](:[#6](:[#6]:[#6]:1-[#6])-[#8])-[#8]-[#6]1:[#6]:[#6]:[#6](:[#6]:[#6]:1-[#17])-[#17],"['4ABU_FT1', '4ABV_FT2']"
P02766,48,2,[#6](:[#6](:[#6]:[#6](:[#6]-[#17])-[#17])-[#17])-[#8]-[#6]-[#6](=[#8])-[#8],"['6GR7_F52', '5L4M_SBK']"
P02766,49,2,"[#6,#8]-[#6]1:[#6]:[#6](:[#6]:[#6](:[#6]:1)-[#7,#6](=[#8])-[#8,#6])-[#7](=[#8])-[#8]","['5L4F_6J1', '4D7B_TCW']"
P02766,51,3,"[#6]1:[#6]:[#6](:[#6](:[#6]:[#6]:1-[#6]1:[#6]:[#6]:[#6](:[#6]:[#6]:1-[#9])-[#9])-[#6](=[#8])-[#8,#7])-[#8]","['3D2T_1FL', '3FC8_IFA', '3FCB_IFB']"
P02766,53,6,"[#6]1:[#6](:[#6]:[#6]:[#6]:[#6]:1)-[#7]-[#6]1:[#6](:[#6]:[#6]:[#6]:[#7,#6]:1)-[#6](=[#8])-[#8]","['5L4I_6J3', '1BM7_FLF', '3IPB_JZD', '3IPE_JZE', '1DVZ_OFL', '1U21_P2C']"
P02766,54,2,[#6]1:[#6]:[#6]2:[#6](:[#6]:[#6]:1):[#6]:[#6]:[#6]:[#6]:2-[#16](=[#8])(=[#8])-[#8],"['3CFN_2AN', '3CFT_5NS']"
P02766,56,2,[#6]1:[#6](:[#6]:[#6](:[#6](:[#6]:1-[#35])-[#8])-[#35])-[#35],"['1E4H_PBR', '1E5A_TBP']"
P02766,57,2,"[#6]-[#6]1:[#6]:[#6]:[#6]:[#6](:[#6]:1)-[#8]-[#6]-[#6]-[#6]-[#6](-,:[#6])-,:[#6]","['4HIQ_16V', '5BOJ_4TX']"
P03176,6,4,"[#6]-[#6]:[#6](:[#7]:[#6](:[#7]:,-[#6]-[#6]-[#6](-[#6])-[#6])=[#8])=[#8]","['1E2P_CCV', '1E2N_RCA', '1OF1_SCT', '1E2K_TMC']"
P03369,60,10,"[#6,#7]-[#6,#7,#16]-[#6,#7](-[#6,#7]-[#7,#6]-[#6](-[#6]-[#6]1:[#6]:[#6]:[#6](:[#6]:[#6]:1)-[#8]-[#6]-[#6]-[#6])-[#6,#7]-[#8,#6])-[#7,#6]-[#6,#7]-[#6,#7]","['3BXR_DRR', '3BXS_DRS', '1Z1H_HBB', '1Z1R_HBH', '1B6L_PI4', '1B6K_PI5', '1MTR_PI6', '1B6P_PI7', '1D4K_PI8', '1D4L_PI9']"
P03369,61,3,"[#6]1:[#6](:[#6,#7]:[#6]:[#6]:[#6]:1)-[#6](=[#8])-[#7]-[#6](-[#6]-[#16,#6])-[#6]-[#6,#7]-[#7,#6]-[#6]-[#6,#16]-[#6,#7](-[#6])-[#6]-[#6]-[#6,#7]-[#7,#6]-[#6]","['3EL5_1UN', '1KZK_JE2', '3EL4_ROC']"
P03369,62,22,"[#6]-[#6,#7]-[#7](-[#6]-[#6](-[#6](-[#6]-[#6]1:[#6]:[#6]:[#6]:[#6]:[#6]:1)-[#7]-[#6](=[#8])-[#8,#6])-[#8])-[#16,#6]-[#6]1:[#6]:[#6]:[#6]:[#6]:[#6]:1","['1T3R_017', '3EKV_478', '3AID_ARQ', '3GI6_D78', '3I7E_DJR', '3EL9_DR7', '1Z1H_HBB', '1Z1R_HBH', '3MXD_K53', '3MXE_K54', '3GI4_K60', '3GI5_K62', '2QHY_MZ1', '2QHZ_MZ2', '2QI0_MZ3', '2QI1_MZ4', '2QI3_MZ5', '2QI4_MZ6', '2QI5_MZ7', '2QI6_MZ8', '2QI7_MZ9', '1D4L_PI9']"
P03372,54,2,[#6]-[#6](-[#6]-[#6]-[#6]1:[#6]:[#6]:[#6](:[#6]:[#6]:1)-[#8])-[#7]-[#6](=[#8])-[#6]-[#6]1:[#6]2:[#6]:[#6]:[#6]:[#6]:[#6]:2:[#7]:[#6]:1-[#6]1:[#6]:[#6]:[#6]:[#6]:[#6]:1,"['2IOG_IOG', '2IOK_IOK']"
P03372,59,3,[#6]-[#7](-[#6]1:[#6]:[#6]:[#6]:[#6]:[#6]:1)-[#16](=[#8])(=[#8])-[#6]1-[#6]-[#6]2-[#8]-[#6]-1-[#6](=[#6]-2-[#6]1:[#6]:[#6]:[#6](:[#6]:[#6]:1)-[#8])-[#6]1:[#6]:[#6]:[#6](:[#6]:[#6]:1)-[#8],"['5KCD_OB2', '5KCE_OB3', '5KCU_OB8']"
P03372,60,2,"[#6]1:[#6]:[#6]:[#6](:[#6]:[#6]:1)-[#7]1-[#6]-[#6]-[#6]2:[#6](-[#6]-1-[#6]1:[#6]:[#6]:[#6](:[#6]:[#6]:1)-[#8,#7]-[#6]-[#6]-[#7]1-[#6]-[#6]-[#6]-[#6]-[#6]-1):[#6]:[#6]:[#6](:[#6]:2)-[#8]","['1XQC_AEJ', '1UOM_PTI']"
P03372,66,3,"[#6]1:[#6]:[#6](:[#6]:[#6]:[#6]:1-[#6](:[#6](:[#6]1:[#6]:[#6]:[#6](:[#6]:[#6]:1)-[#8])-[#6,#8]-[#6]1:[#6]:[#6]:[#6](:[#6]:[#6]:1)-[#8]-[#6]-[#6]-[#7](-[#6]-[#6])-[#6]-[#6]):[#16,#6])-[#8,#16]","['2AYR_L4G', '2R6W_LLB', '2R6Y_LLC']"
P03372,68,8,"[#6,#8,#16](-[#6]1:[#6]:[#6](:[#6]:[#6]:[#6]:1-[#8,#6]-[#6]-[#6]1:[#6]:[#6]:[#6](:[#6]:[#6]:1)-[#8]-[#6]-[#6]-[#7](-[#6]-[#6]-[#6])-[#6])-[#8])-[#6]-[#6]","['1XP1_AIH', '1XP9_AIJ', '1XPC_AIT', '1XP6_AIU', '1YIN_CM3', '1YIM_CM4', '1SJ0_E4D', '6DF6_G8Y']"
P03372,71,2,"[#6]-[#6]12-[#6]-[#6]-[#6]3-,:[#6](-[#6]-1-[#6]-[#6]-[#6]-2-[#8])-,:[#6]-,:[#6]-,:[#6]1:[#6]-,:3:[#6]:[#6]:[#6](:[#6]:1)-[#8]","['2B1Z_17M', '1QKT_EST']"
P03372,72,2,"[#6]1:[#6]:[#6](:[#6]:[#6]:[#6]:1-[#6](-[#6]1:[#6]:[#6]:[#6](:[#6]:[#6]:1)-[#8])-[#6](-[#17,#9])(-[#17,#9])-[#17,#9])-[#8]","['3UUA_0CZ', '4MGD_27N']"
P03372,73,7,[#6]1:[#6]:[#6]:[#6]:[#6]:[#6]:1-[#6]-[#6]1:[#6]:[#6]:[#6](:[#6]:[#6]:1)-[#6]=[#6]-[#6](=[#8])-[#8],"['5T92_77W', '5FQT_7QN', '5FQP_GQD', '5AAV_GW5', '5FQS_J0W', '5FQR_QHG', '5FQV_VQI']"
P03372,74,3,"[#6]1:[#6]:[#6]:[#6]2:[#6](:[#6]:1):[#6]1:[#6](:[#7]:2)-[#6](-[#7](-[#6]-[#6]-1)-[#6]-[#6]-[#6])-[#6]1:[#6]:[#6]:[#6](:[#6]:[#6]:1)-[#17,#6]","['5ACC_KE9', '6SUO_LVH', '5AAU_XBR']"
P03372,76,6,"[#6]-[#6]-[#6]1-[#6]-[#6](-,:[#6]-,:[#6])-,:[#6]-[#8]-[#6]-1-[#6]1:[#6]:[#6]:[#6](:[#6]:[#6]:1)-[#8]","['2B1V_458', '2FAI_459', '1ZKY_689', '2Q70_DC8', '2QE4_JJ3', '2POG_WST']"
P03372,80,3,"[#6]1:[#6]:[#6]:[#6]:[#6]:[#6]:1-,:[#6]1:[#6]:[#8]:[#6]2:[#6](:[#6]:1):[#6]:[#6]:[#6](:[#6]:2)-[#8]","['5AK2_85Z', '5KR9_CUE', '1X7R_GEN']"
P03472,19,9,"[#6]-[#6](=[#8])-[#7]-[#6](-[#6](-[#6,#7])-[#7,#6,#8])-[#6](-[#8]-[#6]-[#6](=[#8])-[#8])-[#6]-[#6,#7](-[#6]-[#7,#6,#8])-[#8,#6]","['1F8E_49A', '1F8C_4AM', '1F8D_9AM', '2QWC_DAN', '1BJI_DPC', '2QWF_G20', '2QWG_G28', '2QWB_SIA', '2QWE_ZMR']"
P03474,6,4,[#6]-[#6](=[#8])-[#7]-[#6]1:[#6]:[#6]:[#6](:[#6]:[#6]:1-[#7]-[#6])-[#6](=[#8])-[#8],"['1VCJ_IBA', '1B9V_RA2', '1B9T_RAI', '1INF_ST4']"
P04035,25,2,[#6]-[#6]-[#6](-[#6])-[#6](=[#8])-[#8]-[#6]1-[#6]-[#6]-[#6]=[#6]2-[#6]-1-[#6](-[#6](-[#6]=[#6]-2)-[#6])-[#6]-[#6]-[#6](-[#6]-[#6](-[#6]-[#6](=[#8])-[#8])-[#8])-[#8],"['1HW8_114', '1HW9_SIM']"
P04035,32,15,"[#6]-[#6](-[#6])-[#7,#6](:[#6,#7]:[#6,#7]):[#6,#7](:[#6,#7]-[#6]1:[#6]:[#6]:[#6](:[#6]:[#6]:1)-[#9])-[#6]","['1HWI_115', '1HWJ_116', '1HWK_117', '3CCT_3HI', '3CCW_4HI', '3CCZ_5HI', '3CD0_6HI', '2Q1L_882', '3CDA_8HI', '3CDB_9HI', '1HWL_FBI', '2Q6C_HR1', '2Q6B_HR2', '3BGL_RID', '2R4F_RIE']"
P04058,17,2,[#6]-[#8]-[#6]1:[#6]:[#6]:[#6]2:[#6](:[#6]:1)-[#6]-[#6](-[#6]-2=[#8])=[#6]-[#6]1-[#6]-[#6]-[#7](-[#6]-[#6]-1)-[#6]-[#6]1:[#6]:[#6]:[#6]:[#6]:[#6]:1,"['5NAU_DZ0', '5NAP_DZ7']"
P04058,20,5,"[#6](-,:[#6]-,:[#6](-,:[#6](:[#6]:[#7]):,-[#6]:,-[#6]:,-[#6])-[#7]-[#6]-[#6]-[#6]-[#6]-[#6]-[#6]-[#6])-,:[#6]","['1ZGB_A1E', '1ZGC_A2E', '2CKM_AA7', '1H22_E10', '1H23_E12']"
P04058,21,2,[#6]-[#7]-[#6]-[#6]-[#6]12-[#6]=[#6]-[#6](-[#6]-[#6]-1-[#8]-[#6]1:[#6]-2:[#6](:[#6]:[#6]:[#6]:1-[#8]-[#6])-[#6])-[#8],"['1W4L_GL8', '1W6R_GNT']"
P04058,22,2,"[#6]-[#6]=[#6]-[#6](-[#6]-[#6]1:[#6](-[#6](-[#6,#7]-[#6]-[#6])-[#7,#6]):[#6]:[#6]:[#6](:[#7]:1)=[#8])-[#6]","['1GPN_HUB', '1GPK_HUP']"
P04150,10,4,"[#6]-[#16,#6](=[#8])-[#7]-[#6](-[#6])-[#6]-[#7,#8]-[#6]1:[#6]:[#6]:[#6]:[#6,#7]:[#7](:[#7,#6]:[#6]:[#6]:1)-[#6]1:[#6]:[#6,#7]:[#6]:[#6]:[#6]:1","['6EL6_B9Q', '6EL9_B9W', '4CSJ_NN7', '5G5W_R8C']"
P04150,11,2,"[#6]-[#6]1(-[#6])-[#6](=[#6]-[#6](-[#6])=[#8])-[#6]-[#6]-[#6]2-[#6]-1-[#6](-[#6]-[#6]1(-[#6]-2-[#6]-[#6]-[#6]-1(-[#6](=[#8])-[#6]-[#8,#17])-[#8])-[#6])-[#8]","['4P6X_HCY', '4P6W_MOF']"
P04585,36,8,"[#6]-[#6](-[#6])-[#6]-[#7](-[#6]-[#6](-[#6](-[#6]-[#6]1:[#6]:[#6]:[#6]:[#6]:[#6]:1)-[#7]-[#6](=[#8])-[#8,#6])-[#8])-[#16](=[#8])(=[#8])-[#6]1:[#6]:[#6]:[#6](:[#6]:[#6]:1)-[#7,#8]","['4Q1Y_017', '5DGW_5B5', '5DGU_5B7', '6DJ7_G10', '6DV4_GA5', '6DV0_GA8', '6E7J_HWY', '6E9A_J0S']"
P04585,37,8,[#6]-[#6]-[#7]1-[#6](-[#6](-[#6](-[#6](-[#7](-[#6]-1)-[#6]-[#6])-[#6]-[#6]1:[#6]:[#6]:[#6]:[#6]:[#6]:1)-[#8])-[#8])-[#6]-[#6]1:[#6]:[#6]:[#6]:[#6]:[#6]:1,"['1BWB_146', '1HWR_216', '1QBU_846', '1QBS_DMP', '1DMP_DMQ', '1HVH_Q82', '1HVR_XK2', '1QBR_XV6']"
P04585,39,4,"[#6]-[#6](-[#6])-[#6,#8]-[#6](=[#8])-[#7]-[#6](-[#6]-[#6]1:[#6]:[#6]:[#6]:[#6]:[#6]:1)-[#6]-[#6]-[#6,#7]-[#7,#6]-[#6]-[#8,#6]-[#6,#8]-[#6](:[#6]:[#7,#6]):[#16,#6]:[#6]","['1ODW_0E8', '4U7Q_3EM', '4U7V_3EN', '6DJ1_AB1']"
P06401,12,3,"[#6]-[#6](-[#6]-[#7](-[#6])-[#6,#16])-[#7](-[#6]-[#6])-[#6]1:[#6]:[#6]:[#6](:[#6](:[#6]:1)-[#6,#17])-[#6]#[#7]","['3G8O_30X', '3HQ5_GKK', '3KBA_WOW']"
P06401,14,5,[#6]-[#6]12-[#6]-[#6]-[#6]-[#6](-[#6]-1-[#6]-[#6]-[#6]-2-[#6])-[#6]-[#6]-[#6](=[#6]-[#6](=[#8])-[#6])-[#6]-[#6],"['4OAR_2S0', '2OVH_AS0', '1SR7_MOF', '1SQN_NDR', '1A28_STR']"
P07342,4,3,"[#6]-,:[#6]:[#7]:[#6](:[#7]:[#6]-,:[#7]-,:[#6]-[#7]-[#16](=[#8])(=[#8])-[#6]1:[#6]:[#6]:[#6]:[#6]:[#6]:1)-[#8]-[#6]","['1T9B_1CS', '1T9D_1MM', '5WKC_PXD']"
P07900,146,2,"[#6]1:[#7]:[#6](:[#6]2:[#6](:[#7]:1):[#7](:[#6]:[#7]:2)-[#6]1-[#6](-[#6](-[#6](-[#8]-1)-[#6](=[#8])-[#7]-[#6]-[#6]-[#7,#8])-[#8])-[#8])-[#7]","['6CYH_N5A', '6CYG_N5O']"
P07900,178,2,[#6]-[#8]-[#6]1:[#6]:[#6]:[#6](:[#6]:[#6]:1)-[#6]1:[#6](:[#6](:[#7]:[#6]2:[#6]:1:[#6](:[#6](:[#16]:2)-[#6](=[#8])-[#7])-[#7])-[#7])-[#6]#[#7],"['6F1N_C8W', '2WI5_ZZ5']"
P07900,189,2,[#6]1:[#6]:[#6](:[#6]:[#6]:[#6]:1-[#6](=[#8])-[#7]1-[#6]-[#6]-[#8]-[#6]-[#6]-1)-[#8],"['4EGH_0OY', '2XHT_C0Y']"
P07900,196,3,"[#6]-[#6]1:[#6](:[#6]:[#6]:[#6]:[#6]:1)-[#6](=[#8])-[#7]-[#6]1-[#6]-[#6]2-[#6]-[#6]-[#6](-[#6]-1)-[#7]-2-[#6]1:[#6]:[#6]:[#6](:[#6]:[#7]:1)-[#6](=[#8])-[#7,#6]-[#6]-[#6]","['4AWQ_592', '4AWP_99A', '4AWO_99B']"
P07900,208,3,"[#6]-[#6]1:[#6]:[#6]:[#6](:[#6]:[#6]:1-[#6]1:[#6]:[#6](:[#7]:[#6](:[#7]:1)-[#7])-[#16]-[#6])-[#6,#8]-[#7,#6]-[#6]-[#6]-[#6]-[#7,#8]-[#6]","['3VHA_VHA', '3VHC_VHC', '3VHD_VHE']"
P07900,213,3,[#6](:[#7]:[#6](:[#7]:[#6])-[#7])-[#6]1:[#6]:[#6]:[#6]2:[#6]3:[#6]:1:[#6]:[#6]:[#6]:[#6]:3-[#6]-[#8]-[#6]-2,"['3B26_B2L', '3B28_B2X', '3WHA_WHA']"
P07900,218,2,"[#6](:,-[#6]:,-[#6]:,-[#6]):,-[#6](:,-[#6])-[#6]1:[#6]2:[#6]:[#6]:[#6](:[#6]:[#6]:2:[#7]:[#7]:1)-[#8]","['4EFT_EFT', '4EEH_HH6']"
P07900,220,4,"[#6,#8,#17]-[#6]1:[#6]:[#6]:[#6](:[#6](:[#6]:1)-[#6,#17])-[#6]1:[#6]2:[#6](:[#6]:[#7]:[#6]:2:[#7]:[#6](:[#7]:1)-[#16,#6])-[#6]#[#7]","['4FCR_0TM', '4FCQ_2N6', '3RLQ_3RQ', '3RLR_3RR']"
P07900,224,9,"[#6]-[#7](-[#6]-,:[#6]:[#6]:[#6]:[#6]:[#6])-[#6](=[#8])-[#6]1:[#6]:[#6]2:[#6](:[#6]:[#6]:1-[#8]):[#7]:[#7]:[#6]:2-[#6]","['5LNY_70K', '5LNZ_70Z', '5NYH_9EK', '5OCI_9R8', '5ODX_9RZ', '6EYA_C4K', '6EY9_C4N', '6EY8_C4T', '4EFU_EFU']"
P07900,227,5,[#6]-[#6]1:[#7]:[#6](:[#7]:[#6](:[#7]:1)-[#16]-[#6])-[#7],"['3B24_B2J', '3B27_B2T', '3B28_B2X', '3WHA_WHA', '2WI3_ZZ3']"
P07900,228,5,"[#8,#17]-[#6]1:[#6]:[#6]:[#6]:[#6]:[#6]:1-[#6]1:[#6]:[#6](:[#7]:[#6](:[#7]:1)-[#7])-[#17,#6]","['3RLP_3RP', '2XHR_C0P', '3R4N_FU5', '3R4P_FU7', '3R4M_WOE']"
P07900,229,2,"[#6]1:[#6]:[#6]:[#6]:[#6](:[#6]:1)-[#7]1:[#6](:[#6]:[#6]:[#7]:1)-[#6]1:[#6]:[#6](:[#6]:[#6]:[#6]:1-[#8])-,:[#6]-[#6]-[#6]:[#6]:[#6]:[#6]:[#6]","['6ELP_BA8', '6EYB_C3Z']"
P07900,234,8,"[#6]-,:[#6]-[#6]-[#6]1:[#7]:[#6]2:[#6]:[#6]:[#6]:[#6]:[#6]:2:[#6]2:[#7]:1:[#7]:[#6]:[#7]:2","['4CWN_6LV', '4CWS_G3R', '4CWF_H05', '4CWR_HAJ', '4CWT_IK9', '4CWO_T62', '4CWP_TV2', '4CWQ_W2D']"
P07900,240,6,[#6]1:[#6]:[#7]:[#6](:[#7]:[#6]:1-[#6]1:[#6]:[#6]:[#6](:[#6]:[#6]:1-[#17])-[#17])-[#7],"['2WI7_2KL', '3RLP_3RP', '2XHR_C0P', '3R4P_FU7', '2WI4_ZZ4', '2WI6_ZZ6']"
P07900,241,14,"[#6]1:[#6]:[#6](:[#6](:[#6]:[#6]:1-[#8])-[#8])-[#6]1:[#6,#7](:[#6]:[#7]:[#7]:1)-[#6](:[#6]:[#7,#6]):[#7,#6]:[#6]","['1YC4_43P', '1YC1_4BC', '5J2X_6DL', '5J27_6FF', '5J6M_6FJ', '5J64_6G7', '5J6L_6GC', '5J82_6GV', '5J86_6GW', '3HHU_819', '6ELO_BAW', '2BSM_BSM', '2BT0_CT5', '6ELN_P4A']"
P07900,243,13,"[#6]-[#8]-[#6]1:[#6]:[#6]:[#6]:[#6](:[#6]:1)-[#6,#16]-[#6]1:[#7]:[#6]2:[#6](:[#7]:1):[#7]:[#6]:[#7]:[#6]:2-[#7]","['2FWY_H64', '2FWZ_H71', '6OLX_KFY', '1UYH_PU0', '6EL5_PU1', '1UYG_PU2', '1UY8_PU5', '1UY9_PU6', '1UYC_PU7', '1UYK_PUX', '1UYI_PUZ', '6U9A_Q2A', '6U98_Q2D']"
P07900,244,16,"[#6]-,:[#6]:[#6]1:[#6](:[#7]-[#6]2:[#6]:[#6]:[#6](:[#6]:[#6]:2)-[#6](=[#8])-[#7])-[#6]-[#6]-[#6]-[#6]-1=[#8]","['3QTF_05S', '3R91_06H', '3R92_06J', '3RKZ_06T', '4NH8_2LC', '4O04_2Q8', '4O05_2Q9', '4O0B_2QA', '4O09_2R6', '4XIP_40W', '4XIR_40X', '4XIQ_40Y', '4XIT_40Z', '4NH7_E0G', '4O07_FGH', '3D0B_SNX']"
P07900,246,3,"[#6](-[#6]-[#6])-[#8]-[#6](-[#6]1:[#6](-[#6]-[#6](-[#6]=[#6]-[#6])=[#8,#7]):[#6]:[#6](:[#6]:[#6]:1-[#8])-[#8])=[#8]","['3INW_JZB', '3INX_JZC', '4EGK_RDC']"
P07900,248,10,"[#6,#7]1:[#6]:[#6,#7]:[#6](:[#6](:[#6]:1)-[#6]-[#7]-[#6](=[#8])-[#6](:[#6]:[#6]:[#6]-[#8,#6,#7]):[#6,#7]:[#6])-[#6]","['3K97_4CD', '5GGZ_6TN', '6EI5_B5Q', '2XJJ_L81', '3K99_PFT', '3EKR_PY9', '4L8Z_RL1', '2XAB_VHD', '2XJG_XJG', '2XJX_XJX']"
P07900,249,4,"[#6]-[#6]1:[#6]2:[#6](:[#7]:[#6](:[#7]:1)-[#7])-[#6]-[#6]-[#16,#6,#7]-[#6]-2","['4W7T_3JC', '4U93_990', '3FT5_MO8', '3FT8_MOJ']"
P07900,250,2,"[#6]-[#6](:,-[#6]):,-[#6](:[#6]:[#6]:[#6])-,:[#6]-,:[#6]-[#6](:[#7]):[#7](:[#6])-[#6]-,:[#6]:[#6]:[#6]:[#6]:[#6]","['3HHU_819', '5VYY_9QY']"
P07900,254,22,"[#6]1:[#6,#16]:[#8,#7]:[#7,#8]:[#6]:1-[#6]1:[#6]:[#6]:[#6](:[#6]:[#6]:1-[#8])-[#8]","['2BYH_2D7', '2BYI_2DD', '2CCT_2E1', '2VCJ_2EQ', '2UWD_2GG', '2VCI_2GJ', '1YC4_43P', '1YC1_4BC', '2CCS_4BH', '2YI6_6QM', '4B7P_9UN', '6ELP_BA8', '6ELO_BAW', '2BSM_BSM', '3BM9_BXZ', '2YI7_BZ8', '2BT0_CT5', '3BMY_CXZ', '6ELN_P4A', '4BQJ_XKL', '2YI0_YI0', '2YI5_YI5']"
P07900,263,3,"[#6]1:[#6]:[#6](:[#6]:[#6]:[#6]:1-[#8]-[#6]1:[#6]:[#6](:[#6]:[#6](:[#6]:1)-[#8])-[#8])-[#17,#7]","['4BQG_50Q', '4B7P_9UN', '4BQJ_XKL']"
P08709,47,2,"[#1]-[#7]=[#6](-[#6]1:[#6]:[#6]:[#6]2:[#6](:[#6]:1)-[#6](-[#6]-[#6](-[#7]-2)-[#6]:[#6]:[#6]:[#6]:[#6]-,:[#6]:,-[#6]:[#6]:[#6]:[#6]:[#6]-,:[#6])-[#6]1:[#6]:[#6]:[#6]:[#6]:[#6]:1)-[#7]","['4ISH_1GE', '4NA9_1T7']"
P08709,49,2,"[#6]1:[#6]:[#6](:[#6]:[#6](:[#6]:1)-[#6]1:[#6]:[#6]:[#6]:[#6](:[#6]:1-[#8])-[#6]1:[#6,#7]:[#6]2:[#6](:[#7]:1):[#6]:[#6]:[#7,#6]:[#6]:2)-[#6]-[#7]-[#6](=[#8])-[#7]","['2FLR_7NH', '2B7D_C1B']"
P08709,50,6,"[#6]1:[#6]:[#6](:[#6]:[#6](:[#6]:1)-[#7]-[#6](=[#8])-[#6,#8]-[#6]-[#6])-[#6]-[#7]-[#6](-[#6](-[#6]1:[#6]:[#6]:[#6]:[#6]:[#6]:1)-[#7]-[#6](:[#6]):[#6]:[#6]:[#6]:[#6]-[#7,#6])=[#8]","['4ZXY_4T1', '5L2Z_70C', '5L2Y_70D', '5TQE_7KQ', '5TQG_7KS', '5U6J_82J']"
P08709,53,9,"[#6](-,:[#6]1:[#6]:[#6]:[#6](:[#6]:[#6]:1)-[#7]-[#6]-[#6]1:[#6]:[#6]:[#6]:[#6](:[#6]:1)-[#8]-[#6])-,:[#7]","['4ISH_1GE', '4JYV_1OJ', '4JYU_1OK', '2BZ6_346', '1W7X_413', '4YT6_4JY', '4YT7_4K1', '1W0Y_771', '1YGC_905']"
P08709,54,2,"[#6]1:[#6]:[#6]2:[#6](:[#6]:[#6]:1-[#17,#7])-[#6](=[#8])-[#7]-[#6]-[#6]-2","['4X8T_3Z8', '4X8V_3Z9']"
P08709,55,5,"[#7]-,:[#6]-,:[#6](=[#8])-,:[#7]-[#6](-[#6]-[#6])-[#6](=[#8])-[#7]-[#6]-[#6]1:[#6]:[#6]:[#6](:[#6]:[#6]:1)-[#6](=[#7])-[#7]","['4ISI_1GG', '2ZZU_359', '1WTG_3BP', '1WUN_P5B', '1WQV_PSM']"
P08709,56,6,"[#6,#8]-[#6]1:[#6]:[#6]:[#6](:[#6]:[#6]:1-[#6](=[#8])-[#8,#7])-[#6](=[#8,#7])-[#7]","['4JZD_1NJ', '4JZE_1NK', '4JZF_1NL', '2EC9_24X', '2C4F_GIL', '1Z6J_PY3']"
P10275,12,2,"[#6]-[#6]1:[#6](:[#6]:[#6]:[#6](:[#6]:1-[#17])-[#6]#[#7])-[#7,#6]-[#6](-[#6,#8]-[#6])-[#6](-[#6])-[#8,#7]","['5CJ6_51Y', '4QL8_JAD']"
P10275,13,5,"[#6,#8]-[#6](-[#6,#7]-[#35,#6,#8,#16])-[#6]-[#7]-[#6]1:[#6]:[#6]:[#6](:[#6](:[#6]:1)-[#6](-[#9])(-[#9])-[#9])-[#7,#6]","['1Z95_198', '5V8Q_97A', '2AX9_BHM', '2AXA_FHM', '3V49_PK0']"
P10721,2,2,"[#6]1:[#6]:[#6](:[#6](:[#6])-[#6,#8]-[#6]2:[#6]:[#6]:[#6](:[#7]:[#6]:2)-[#7,#6]-[#6]-[#6,#7]):[#6](:[#7,#6]:[#6]:1):[#7]","['4HVS_647', '6XVA_O2K']"
P10828,2,2,"[#6]-[#6](-[#6])-[#6]1:[#6]:[#6](:[#6]:[#6]:[#6]:1-[#8])-[#8]-[#6]1:[#6](:[#6]:[#6](:[#6]:[#6]:1-[#35,#6])-[#6,#7])-[#35,#6]","['2J4A_OEF', '1N46_PFA']"
P11086,19,2,"[#6]1:[#6]:[#6]2:[#6](:[#6]:[#6]:1-[#9,#17]):[#7]:[#6](:[#7]:2)-[#7]","['3KR2_ET2', '3KR1_VGD']"
P11086,31,6,"[#6]1:[#6]:[#6](:[#6]:[#6]2:[#6]:1-[#6]-[#6]-[#7]-[#6]-2)-[#17,#7,#16]","['2G72_F21', '2G8N_F83', '2G71_FTS', '2G70_HNT', '1YZ3_SKA', '1HNN_SKF']"
P14780,3,2,"[#8,#6]-[#7](-[#6](-[#6]-[#6])-[#6](=[#8])-[#7,#8])-[#16](=[#8])(=[#8])-[#6]1:[#6]:[#6]:[#6](:[#6]:[#6]:1)-[#6]1:[#6]:[#6]:[#6]:[#6]:[#6]:1","['4WZV_E40', '5I12_H27']"
P15090,31,3,[#6]1:[#6]:[#6]:[#6](:[#6]:[#6]:1)-[#6]-[#7]1:[#6](:[#6](:[#6]2:[#6]:1:[#6](:[#6]:[#6]:[#6]:2)-[#6](=[#8])-[#8])-[#6])-[#6]-[#6]-[#6],"['3FR2_8CA', '3FR4_F8A', '3FR5_I4A']"
P15090,34,3,"[#6]:,-[#6]:[#6](:[#6]:,-[#6])-[#6]1:[#6]2:[#6]:[#6](:[#6]:[#6]:[#6]:2:[#7](:[#6]:1-[#6]1:[#6]:[#6]:[#6]:[#6]:[#6]:1)-[#6]-[#6]-[#6](=[#8])-[#8])-[#6]1-[#6]-[#6]-1","['5D45_57P', '5D47_L19', '5D48_L96']"
P15090,37,5,"[#6]1:[#6]:[#6]:[#6]2:[#6](:[#6]:1):[#6](:[#6]:[#6]:[#6]:2-[#35,#8])-[#16](=[#8])(=[#8])-[#7]-[#6]","['5Y0G_8JL', '5Y0F_8JO', '5Y0X_8JR', '5Y12_8JX', '5Y13_8K0']"
P15090,39,9,"[#6]1:[#6]:[#6]:[#6](:[#6]:[#6]:1)-,:[#7]-,:[#6]:[#6](:[#6]:,-[#6]:[#6]:[#6])-[#6](=[#8])-[#8]","['5EDC_5M7', '5EDB_5M8', '5HZ6_65Y', '5HZ8_65Z', '6LJT_EH6', '6LJV_EHC', '6LJW_EHO', '6LJS_EHR', '6LJU_EHU']"
P15121,46,2,[#6]1:[#6]:[#6]:[#6]2:[#6](:[#6]:1):[#6]:[#6](:[#6]1:[#6]:2-[#6](=[#8])-[#7](-[#16]-1(=[#8])=[#8])-[#6]-[#6](=[#8])-[#8])-[#6](=[#8])-[#8],"['2NVC_ITA', '2NVD_ITB']"
P15121,52,3,[#6]1:[#6]:[#6]2:[#6](:[#6]:[#6]:1-[#9])-[#6]1(-[#6]-[#6]-[#8]-2)-[#6](=[#8])-[#7]-[#6](-[#7]-1)=[#8],"['1X97_FIR', '3BCJ_FIS', '2PDK_SBI']"
P15121,59,11,"[#6]1:[#6]:[#6]:[#6]:[#6]:[#6]:1-[#6]-[#7]-[#6](=[#8,#16])-[#6]1:[#6]:[#6]:[#6](:[#6]:[#6]:1-[#8]-[#6]-[#6](=[#8])-[#8])-[#17,#9]","['4LAZ_1WW', '4LB4_1WX', '3M4H_388', '3MC5_393', '3T42_3T4', '4LBS_4O8', '4LBR_4O9', '4QXI_I98', '1US0_LDT', '4LB3_M15', '4LAU_W8X']"
P15121,63,4,"[#6,#7](:[#6]:[#6]:[#6]):[#6](:[#6,#16])-[#6]-[#7]1:[#6](=[#8]):[#6]:[#6]:[#7](:[#6]:1=[#8])-[#6]-[#6](=[#8])-[#8]","['2PDG_47D', '4XZH_48I', '4XZI_F49', '1IEI_ZES']"
P15121,65,6,"[#6](:[#6]:[#6]):[#6]:[#6](:,-[#6]:,-[#7]-[#6]-[#6](=[#8])-[#8]):,-[#6]:,-[#6]:[#7]:[#6]","['4QX4_3E2', '1Z3N_3NA', '5OU0_AV5', '5OUK_AVT', '5OUJ_AW8', '3G5E_Q74']"
P15121,67,3,"[#6](:[#6]):[#6](:[#8,#6]:[#6]-[#7](=[#8])-[#8])-[#6]1:[#7,#6]:[#7,#6,#8]:[#6](:[#8,#7,#16]:1)-[#16,#6]-[#6]-[#6]-[#8,#6]","['3DN5_53N', '2IKG_BTO', '2IKH_LIT']"
P15917,19,10,"[#6]1:[#6]:[#6](:[#6]:[#6]:[#6]:1-[#9])-[#16,#6]-[#7,#6]-[#6](-[#6])-[#6](=[#8])-[#7]-[#8]","['4DV8_0LX', '4PKR_2ZL', '4PKS_30H', '4PKT_30O', '4PKU_30P', '4PKV_30R', '4XM6_41R', '5D1S_56Q', '5D1T_56R', '1YQY_915']"
P16083,24,2,[#6]-[#7]1-[#6]2:[#6]3:[#6](-[#6]-1=[#8]):[#6]:[#6](:[#7]:[#6]:3:[#6](:[#6](:[#6]:2-[#7])-[#17])-[#7])-[#6](=[#8])-[#7],"['3UXE_465', '3UXH_UXH']"
P16083,29,2,[#6]-[#6](=[#8])-[#7]-[#6]1:[#6]:[#6]:[#6]2:[#6](:[#6]:1)-[#6](-[#6](-[#7]-2)=[#8])-[#6]-[#6],"['4GR9_372', '4GQI_M49']"
P16083,31,2,[#6]1:[#7]:[#6]2:[#6](:[#7]:1):[#6](:[#6](:[#6](:[#6]:2-[#35])-[#35])-[#35])-[#35],"['4U7G_K17', '4U7H_K25']"
P16083,32,5,"[#6]-[#6](=[#8])-[#7]-[#6]-[#6]-[#6](:[#6]:[#7,#6]):[#6]1:[#6]:[#6]:[#6]:[#6](:[#6]:1)-[#8,#7,#16]-[#6,#7]","['3OWH_52X', '3OX1_695', '2QWX_ML1', '2QX8_ML2', '3OVM_MZC']"
P16083,35,3,"[#6]:[#6]:,-[#6](=[#8]):,-[#7](:[#6](:[#6]):,-[#6]:[#6]:[#6]:[#6]-[#8]-[#6])-,:[#6]","['3OX2_79X', '3GAM_MXX', '3G5M_XM5']"
P16083,36,2,"[#6]1:[#6]:[#6,#7]:[#6]:[#6](:[#6]:1)-[#6]1:[#6]:[#6]:[#7]:[#6](:[#7]:1)-[#7]-[#6]1:[#6]:[#6]:[#6]:[#6](:[#6]:1)-[#6,#7]-[#8,#6]-[#6]","['5LBZ_6T3', '3FW1_STI']"
P16083,37,3,"[#7]-,:[#6](:,-[#6]:,-[#6]:,-[#6]:[#6]:,-[#7](:[#6]1:[#6]:[#6]:[#6](:[#6]:[#6]:1)-[#8]-[#6]):[#6]:[#7]):,-[#6]:[#6]","['3TEM_6A1', '5LBY_6T2', '3TE7_TE7']"
P19971,2,2,"[#6]1:[#6](:[#6](=[#8]):[#7]:[#6](:[#7]:1)=[#8])-[#53,#17]","['1UOU_CMU', '2WK6_IUR']"
P20231,7,4,"[#8,#6]-[#6](:[#6]:[#6,#7]):[#16,#6,#8]:[#6]-[#6](=[#8])-[#7]1-[#6]-[#6]-[#6](-[#6]-[#6]-1)-[#6]1:[#6]:[#6](:[#6]:[#6]:[#6]:1)-[#6]-[#7]","['3V7T_0GX', '2ZA5_2FF', '4A6L_P43', '2BM2_PM2']"
P22906,22,6,[#6]-[#6]1:[#6](:[#6](:[#7]:[#6](:[#7]:1)-[#7])-[#7])-[#6]#[#6]-[#6]-[#6]1:[#6]:[#6]:[#6]:[#6]:[#6]:1,"['4HOE_18G', '4HOF_18H', '4H97_53S', '3QLS_55V', '3QLW_N22', '3QLR_QLR']"
P22906,23,7,"[#6]-[#16,#6,#8]-[#6,#7]:[#6]:[#6]:[#6]:[#6]1:[#6]:[#6](:[#7]:[#6](:[#7]:1)-[#7])-[#7]","['1AOE_GW3', '1M79_MQ1', '1M7A_MQU', '1IA1_TQ3', '1IA2_TQ4', '1IA3_TQ5', '1IA4_TQ6']"
P24941,132,2,"[#6]-[#8]-[#6]1:[#6]:[#6]:[#6](:[#6]:[#6]:1)-[#6]-[#6](=[#8])-[#7]-[#6]1:[#6]:[#7](:[#6]:[#7]:1)-[#6]1-[#6]-[#6](-[#6]-1)-[#8,#7]","['3IG7_EFP', '3IGG_EFQ']"
P24941,137,2,[#6]1:[#6]:[#6]:[#6](:[#6]:[#6]:1)-[#7]-[#6]1:[#6]:[#6]:[#7]:[#6](:[#7]:1)-[#7]-[#6]1:[#6]:[#6]:[#6](:[#6]:[#6]:1)-[#6](=[#8])-[#8],"['3UNJ_0BX', '3UNK_0BY']"
P24941,157,2,[#6]-[#6]-[#6](-[#6]-[#8])-[#7]-[#6]1:[#7]:[#6](:[#6]2:[#6](:[#7]:1):[#7](:[#6]:[#7]:2)-[#6](-[#6])-[#6])-[#7]-[#6]-[#6](:[#6]:[#6]:[#6]):[#6],"['5MHQ_8QT', '3DDQ_RRC']"
P24941,179,4,"[#6]1:[#6]:[#6](:[#6]:[#6]:[#6]:1-[#6]1:[#6]:[#6]:[#6](:[#8]:1)-[#6]=[#6]1-[#6](=[#8])-[#7]-[#6](-[#16]-1)=[#8,#7])-[#16,#6](=[#8])-[#7,#8]","['2UZO_C62', '2UZL_C94', '2UZE_C95', '2UZN_C96']"
P24941,185,5,"[#6]-[#6,#7]1:[#7,#6]:[#6,#16]:[#6](:[#7,#6]:1-[#6])-[#6]1:[#6]:[#6]:[#7]:[#6](:[#7]:1)-[#7]-[#6]1:[#6]:[#6]:[#6](:[#6]:[#6]:1)-[#16,#6,#7]-[#6,#7]","['2XMY_CDK', '6GUH_FB8', '2W05_FRT', '2W17_I19', '2VV9_IM9']"
P24941,190,2,"[#6]1:[#6]:[#7]:[#6]2:[#7]:1:[#6]:[#6]:[#7]:[#6]:2-[#7]-[#6]-[#6]1:[#6]:[#6]:[#7,#6]:[#6,#7]:[#6]:1","['2R3G_SC9', '2R3H_SCE']"
P24941,192,7,"[#6]-[#6]-[#7]-[#6]:,-[#6]:[#7]:[#7]:[#6]-,:[#6]-,:[#7]-,:[#6]:,-[#6]:[#6]:[#6]:[#6]:[#6]","['2W1H_L0F', '2VTN_LZ7', '2VTO_LZ8', '2VTP_LZ9', '2VTQ_LZA', '2VTT_LZD', '2VU3_LZE']"
P24941,200,3,[#8]-[#6]1:[#6]:[#6]:[#7]:[#6]2:[#6]:1:[#6](:[#6]:[#7]:2)-[#6]1:[#6]:[#6]:[#7]:[#6](:[#7]:1)-[#7],"['3BHT_MFR', '3BHU_MHR', '3BHV_VAR']"
P24941,201,3,"[#6](=[#8])-[#7]-[#6]1:[#6]:[#6]:[#6]:[#6](:[#6]:1-[#6]-[#6]-,:[#6]-[#6])-[#6]-,:[#7]","['1GII_1PU', '2B55_D31', '2B52_D42']"
P24941,202,13,"[#6]-[#6]1:[#6](:[#16,#7]:[#6]:[#7]:1)-[#6]1:[#6]:[#6]:[#7]:[#6](:[#7]:1)-[#7]","['2XMY_CDK', '2C5O_CK2', '1PXN_CK6', '2C5N_CK8', '1OIQ_HDU', '1OIR_HDY', '4BCP_T3C', '4BCK_T3E', '4BCO_T6Q', '4BCM_T7Z', '4BCN_T9N', '4BCQ_TJF', '2XNB_Y8L']"
P24941,203,6,[#6]1:[#6]:[#6]:[#6](:[#6]:[#6]:1)-[#7]-[#6]=[#6]1-[#6]2:[#6]:[#6]:[#6]:[#6]:[#6]:2-[#7]-[#6]-1=[#8],"['2BHE_BRY', '1E9H_INR', '1KE5_LS1', '1KE7_LS3', '1KE8_LS4', '1KE9_LS5']"
P24941,204,5,"[#6]:,-[#6]:,-[#6]-[#6](=[#8])-[#7]-[#6]1:[#6]:[#6](:[#7]:[#7]:1)-,:[#6]-,:[#6]-,:[#6]","['1VYW_292', '2R64_740', '3LFS_A07', '3LFN_A27', '1VYZ_N5B']"
P24941,206,2,"[#8,#9]-[#6]1:[#6]:[#6]:[#6]2:[#6](:[#6]:1)-[#6](=[#6]-[#6]1:[#6]:[#7,#6]:[#6]:[#7]:1)-[#6](-[#7]-2)=[#8]","['1R78_FMD', '3PY0_SU9']"
P24941,207,7,"[#6]-[#6]1:[#6](:[#16,#7]:[#6,#7]:[#7,#6]:1)-[#6]1:[#6](:[#6]:[#7]:[#6](:[#7]:1)-[#7]-[#6]1:[#6]:[#6]:[#6]:[#6]:[#6]:1)-[#6]","['2WIH_P48', '4BCP_T3C', '4BCK_T3E', '4BCO_T6Q', '4BCM_T7Z', '4BCN_T9N', '4BCQ_TJF']"
P24941,209,13,"[#6,#7]-[#6]1:[#6]:[#6](:[#7,#6]2:[#6,#7](:[#7,#6]:1):[#6,#7]:[#6]:[#7]:2)-[#7]-[#6]-[#6]1:[#6]:[#6,#7]:[#7,#6]:[#6,#7]:[#6]:1","['2R3O_2SC', '2R3P_3SC', '2C68_CT6', '2C69_CT8', '5JQ5_I74', '3NS9_NS9', '2R3F_SC8', '2R3I_SCF', '2R3J_SCJ', '2R3K_SCQ', '2R3L_SCW', '2R3M_SCX', '2R3N_SCZ']"
P24941,210,16,[#6]1:[#6]:[#6](:[#6]:[#6]:[#6]:1-[#7]-[#6]:[#7]:[#6])-[#16],"['4BGH_3I6', '1H1S_4SP', '1YKR_628', '2XMY_CDK', '1Y8Y_CT7', '1Y91_CT9', '2C6I_DT1', '2C6K_DT2', '2C6L_DT4', '2C6M_DT5', '6GUH_FB8', '2W05_FRT', '2VTJ_LZ4', '2G9X_NU5', '5IEV_R0N', '2BTS_U32']"
P24941,212,3,"[#6]1:[#6]:[#6](:[#6]:[#6](:[#6]:1)-[#6](:[#6]:[#7,#6]:[#6]:[#7]:[#6]:[#7,#6]:[#6]-[#7,#6]):[#7,#6])-[#6,#7,#17]","['4NJ3_2KD', '2B53_D23', '6Q4G_HJK']"
P24941,214,3,"[#6]-[#6,#7](-[#6]-[#6])-[#7,#6]-[#6]-[#6,#7]-[#7,#6]1:[#6]:[#6]:[#6]:[#6]:[#6,#7]:[#6](:[#6,#7]:[#7,#6]:1)-[#6]:[#6,#7]:[#7]:[#6]1:[#6]:[#6](:[#6]:[#6]:[#6]:1)-[#8,#6]","['2DS1_1CD', '3EZR_EZR', '3EZV_EZV']"
P24941,219,13,"[#6](-[#6]-[#6]-[#6]-[#6]-[#8,#7]-[#6]1:[#6,#7]:[#6]:[#7,#6]:[#6](:[#7]:1)-[#7])-[#6]-[#6,#7]","['1H1Q_2A6', '1H1S_4SP', '1H1R_6CP', '4CFV_75X', '1E1V_CMG', '6GUK_FC8', '4CFN_JYM', '1OI9_N20', '1OIY_N41', '1OIU_N76', '2G9X_NU5', '1E1X_NW1', '4CFW_SQ9']"
P24941,220,2,"[#6]-[#6,#7]-[#6](:[#6,#7]:[#7,#6]):[#7]:[#6]:[#6]-[#6](=[#8])-[#6]1:[#6](:[#6]:[#6]:[#6]:[#6]:1-[#9,#8])-[#9]","['2FVD_LIA', '1PYE_PM1']"
P24941,226,4,"[#6]-[#8]-[#6](:[#6]:[#6]:[#6]-[#7]-[#6]1:[#6,#7]:[#6]:[#6,#7]:[#6](:[#6]:1)-[#8,#7]):[#6]:[#6]","['1V1K_3FP', '1DI8_DTQ', '3WBL_PDY', '2IW6_QQ2']"
P24941,228,6,"[#6]-[#6](-[#6])-[#7]-,:[#6]:[#6]:[#6]:,-[#7]:,-[#6](:[#7]):[#6]:[#6]:[#7]","['4RJ3_3QS', '1Y91_CT9', '2VTR_LZB', '2VTS_LZC', '3NS9_NS9', '3WBL_PDY']"
P26281,26,2,"[#6](:[#7]:[#6]1:[#6,#7]:[#6](=[#16]):[#7]:[#6](:[#7,#6]:1)-[#7]):[#7]","['4M5M_DX4', '4M5N_YH7']"
P26281,33,16,"[#7]-,:[#6]1:[#6](-,:[#7]-,:[#6]):[#7]:[#6](:[#7]:[#6]:1=[#8])-[#7]","['5ETK_5RU', '5ETL_5RV', '5ETM_5RW', '5ETN_5RX', '5ETO_5RY', '5ETP_5RZ', '1EX8_A4P', '3UDV_J1C', '4F7V_J1D', '1RU1_PH2', '4M5G_YH1', '4M5H_YH2', '4M5K_YH3', '4M5L_YH4', '4M5J_YH5', '4M5I_YH6']"
P27487,60,6,"[#6]-[#6,#7]-[#7](-[#6]-[#6]-[#6,#7])-[#6](=[#8])-[#6]-[#6](-[#6]-[#6]1:[#6]:[#6](:[#6](:[#6]:[#6]:1-[#9])-[#9])-[#9])-[#7]","['2QOE_448', '2IIV_565', '1X70_715', '2IIT_872', '3EIO_AJH', '2OLE_KR2']"
P27487,61,4,"[#6](:[#6,#7]:[#7,#6]:[#6]-[#7,#6]1-[#6]-[#6]-[#7](-[#6]-[#6]-1)-[#6]1-[#6]-[#6](-[#7]-[#6]-1)-[#6](=[#8])-[#7]1-[#6]-[#6]-[#6,#16]-[#6]-1):[#6]","['3VJK_M51', '3F8S_PF2', '3VJM_W61', '3VJL_W94']"
P27487,66,4,"[#6]-[#6](-[#6]1-,:[#6]-,:[#6]-,:[#6]-,:[#6]-,:[#6]-,:1)-[#6](-[#6](=[#8])-[#7]1-[#6]-[#6]-[#6](-[#6]-1)-[#9])-[#7]","['2OPH_277', '2QTB_474', '2QT9_524', '2FJP_S14']"
P27487,67,8,"[#6]-[#6]-[#7]:[#6](:[#7,#6]:[#6]:[#6,#7]:[#6]=[#8])-[#7]1-[#6]-[#6]-[#6]-[#6](-[#6]-1)-[#7]","['5I7U_6AJ', '5KBY_6RL', '5T4E_75L', '5T4F_75M', '5T4B_75N', '4A5S_N7F', '3G0G_RUM', '3G0B_T22']"
P27487,68,5,"[#6,#7]-[#6]1:[#6](:[#6](:[#6,#7]:[#6]:[#7]:1)-[#6]1:[#6]:[#6]:[#6](:[#6]:[#6]:1-[#17])-[#17])-[#6]-[#7]","['4JH0_1MD', '4LKO_1WH', '1RWQ_5AP', '3NOX_6A5', '3SWW_KXB']"
P27487,69,2,"[#6]-[#16](=[#8])(=[#8])-[#6]1:[#6]:[#6]:[#6](:[#6]:[#6]:1)-[#6]1:,-[#7]:,-[#6](:,-[#8]:,-[#7]:,-1)-[#6](-[#6]-[#6]1-[#6]-[#6]-1)-[#6](-[#6])-[#7]","['3C43_315', '3C45_317']"
P27487,70,2,"[#6]1:[#6]:[#6](:[#6]:[#6]:[#6]:1)-[#6]1(-[#6]-[#6]-[#6](-[#6]-[#6]-1)-[#7,#8]-[#6]-[#6])-[#6]-[#7]","['4N8D_2KS', '4N8E_2KV']"
P27487,75,6,"[#6,#7]-[#6,#8]-[#6](-[#6](-[#6])-[#7])-[#6]1:[#6]:[#6](:[#6]:[#6]:[#6]:1-[#9])-[#9]","['3HAC_361', '2P8S_417', '3HAB_677', '5ISM_6DG', '2OAG_DLI', '2QJR_PZF']"
P27707,19,10,"[#6]1:[#6]:[#6]:[#6](:[#6]:[#6]:1-[#8])-[#6]1:[#7]:[#6](:[#6]:[#16]:1)-[#6]-[#16]-[#6]1:[#7,#6]:[#6](:[#6,#7]:[#6](:[#7]:1)-[#7])-[#7]","['4JLN_18V', '4JLJ_1NM', '4JLM_1NN', '4Q18_2XJ', '4Q19_2XL', '4Q1C_2XM', '4Q1F_2XN', '4Q1A_2XZ', '4Q1B_2Y0', '4Q1D_2Y1']"
P28720,56,2,[#6]-[#7]-[#6]1:[#7]:[#6]2:[#6](:[#7]:1):[#6]:[#6]1:[#6](:[#6]:2)-[#7]=[#6](-[#7]-[#6]-1)-[#7],"['6RKQ_K75', '6RKT_K7H']"
P28720,58,2,[#6]1:[#6]:[#6]2:[#6](:[#6]:[#6]:1-[#7]):[#6](=[#8]):[#7]:[#7]:[#6]:2=[#8],"['1ENU_APZ', '1F3E_DPZ']"
P28720,59,27,[#6]1:[#6]:[#6]:[#6]2:[#6](:[#6]:1):[#6](=[#8]):[#7]:[#6](:[#7]:2)-[#7],"['4KWO_1UD', '4LBU_1WJ', '4LEQ_1WK', '3GC5_2MQ', '4PUK_2WU', '4Q4O_2YM', '2BBF_344', '3TLL_62D', '5JXQ_6OK', '3GC4_AAQ', '3GE7_AFQ', '1K4G_AIQ', '1K4H_APQ', '1S39_AQO', '2Z7K_BGU', '1Q65_BHB', '4PUJ_CKR', '1Y5X_E89', '3RR4_HRD', '1Q66_KMB', '1S38_MAQ', '1Y5V_NE8', '1Y5W_NEZ', '3EOS_PK2', '3EOU_PK3', '3C2Y_S60', '2QZR_S79']"
P28720,61,4,[#6]-[#16]-[#6]-[#6]1:[#6]:[#6]:[#6]:[#6]2:[#6]:1:[#7]:[#6](:[#7]:[#6]:2=[#8])-[#7],"['1K4G_AIQ', '1K4H_APQ', '1Q65_BHB', '1Q66_KMB']"
P28720,62,20,[#6]-[#7]-[#6]1:[#7]:[#6]2:[#6](:[#7]:1):[#6]:[#6]1:[#6](:[#6]:2):[#6](:[#7]:[#6]:[#7]:1)=[#8],"['4KWO_1UD', '4LBU_1WJ', '4LEQ_1WK', '3GC5_2MQ', '4PUK_2WU', '4Q4O_2YM', '4Q4P_2YO', '3TLL_62D', '5JXQ_6OK', '3GC4_AAQ', '3SM0_AEK', '3GE7_AFQ', '4PUJ_CKR', '3RR4_HRD', '3S1G_ITE', '3EOS_PK2', '3EOU_PK3', '2QZR_S79', '4Q4Q_SAQ', '4Q4R_SQO']"
P28720,65,7,[#6]-[#6]-[#7]-[#6]1:[#7]:[#6]2:[#6](:[#7]:1):[#6]:[#6]1:[#6](:[#6]:2):[#6](:[#7]:[#6]:[#7]:1)=[#8],"['4Q4O_2YM', '4Q4P_2YO', '5JXQ_6OK', '4PUJ_CKR', '2QZR_S79', '4Q4Q_SAQ', '4Q4R_SQO']"
P28720,66,12,[#6]1:[#7]:[#6]2:[#6](:[#7]:1):[#6]:[#6]1:[#6](:[#6]:2-[#6]-[#6]):[#7]:[#6]:[#7]:[#6]:1=[#8],"['4KWO_1UD', '4LBU_1WJ', '4LEQ_1WK', '3GC5_2MQ', '3GC4_AAQ', '3SM0_AEK', '3GE7_AFQ', '1Y5X_E89', '1Y5V_NE8', '1Y5W_NEZ', '3EOS_PK2', '3EOU_PK3']"
P29476,343,6,"[#6]1:[#6,#7]:[#6]:[#6](:[#6]:[#6]:1)-[#6]-[#7]-[#6]-[#6]-[#6]1:[#6]:[#6]:[#6]:[#6](:[#6]:1)-[#9]","['4D7O_0GD', '4KCN_5H3', '4KCO_5H4', '4CAM_M87', '4JSI_Q05', '4JSJ_QJ7']"
P29476,344,2,[#1]-[#7]=[#6](-[#7]=[#6]-[#6]-[#6]-[#6](-[#6](=[#8])-[#8])-[#7])-[#7]-[#8]-[#6],"['4FVZ_4KJ', '4GQE_6KJ']"
P29476,355,11,"[#6]-[#6,#7]-[#7,#6]-[#6,#7]-[#6,#7]-[#6]1:[#6]:[#6]:[#7]:[#6](:[#7]:1)-[#7]1:[#6]:[#6,#7]:[#7,#6]:[#6]:1","['4V3X_4E8', '4D3B_6J0', '4D32_7F5', '4V3Z_9HL', '4V3W_E2Z', '4D30_EG8', '4V3Y_HLW', '4D2Z_K9L', '4D2Y_L5Z', '4D31_OLW', '4V3V_S8F']"
P29476,366,10,"[#6](-[#6]-[#6](-[#6](=[#8])-[#8])-[#7])-[#6]-[#7]-[#6](=[#7])-[#6,#7]","['4FVX_2KJ', '5AGN_4JK', '3JT3_JM2', '3JT7_JM5', '3JTA_JM6', '3JT5_JM7', '3JT4_JM8', '5AGK_RGE', '5AGO_VUR', '5AGM_WT2']"
P29476,379,5,[#6](-[#6]-[#6](-[#6]-[#7]-[#6]-[#6]-[#7])-[#7])-[#6]-[#7]-[#6](=[#7])-[#7]-[#7](=[#8])-[#8],"['2HX3_3HX', '2HX4_4HX', '1P6K_DP1', '1P6I_DP3', '1ZZQ_DP9']"
P29476,380,12,"[#7]=[#6](-[#6]1:[#6,#16]:[#6]:[#6]:[#16,#6]:1)-[#7]-[#6]1:[#6]:[#6]:[#6]:[#6](:[#6]:1)-[#6,#8]","['4KCI_1QE', '4KCM_1QF', '4KCN_5H3', '4KCO_5H4', '4UPO_6E5', '4UPN_7LN', '4KCJ_H36', '4KCH_H38', '4KCL_H44', '4KCK_H45', '4UPM_I5U', '4UPP_PQW']"
P29476,382,10,"[#6]-[#6]1:[#6]:[#6](:[#7]:[#6](:[#6]:1)-[#7])-[#6]-[#8]-[#6](:,-[#6]):,-[#6]","['4K5D_1Q6', '4K5E_1Q7', '4JSI_Q05', '4JSG_Q10', '4K5G_Q13', '4K5F_Q14', '4JSH_Q15', '4CX6_Q16', '4JSJ_QJ7', '4LUX_QJ8']"
P29476,383,60,"[#6]-[#6]1:[#6]:[#6](:[#7]:[#6](:[#6]:1)-[#7])-[#6]-[#6]-[#6]:,-[#6]:,-[#6]:,-[#6]","['4IMS_12S', '4IMU_1ET', '4IMW_1EV', '4IMT_1EW', '4CTP_2IK', '4UGZ_4V4', '4CTX_71S', '4CTV_7S7', '6AUU_BY7', '6AUQ_BYJ', '6AUS_BYV', '5FVO_D8H', '4UH1_EXI', '5FVR_H65', '6NGP_KKY', '6NGS_KL1', '6NGN_KL4', '6NGT_KL7', '6NGQ_KLA', '6NGR_KLD', '6NGJ_KLY', '6NGK_KM7', '6NGL_KMA', '6NGM_KMD', '6NGU_KMJ', '6NGV_KMM', '6NGW_KMS', '6NGX_KMV', '6NGY_KN4', '6NH0_KND', '6NHE_KNS', '6NHD_KNV', '6NGZ_KPJ', '4UH4_Q1T', '4JSE_QJ2', '4JSF_QJ4', '4CTR_S20', '4CTU_S42', '4CTQ_S5D', '4CTW_S71', '4CTT_S7K', '4UH2_S84', '4UH3_S85', '4UH0_SKO', '5FW0_W30', '5G0O_W64', '5FVS_W66', '5FVT_W67', '6AUR_W68', '6AUT_W69', '6AUV_W79', '6AUW_W80', '6AUX_W82', '5FVP_WOS', '3N5V_XFH', '3N5W_XFJ', '3N5X_XFK', '3N5Y_XFL', '3N5Z_XFM', '3N66_XFN']"
P29476,384,37,[#6]1:[#6]:[#6](:[#7]:[#6](:[#6]:1)-[#7])-[#6]-[#6]1-[#6]-[#7]-[#6]-[#6]-1,"['3TYM_08R', '3NLV_3XA', '3NLX_3XB', '3NLY_3XC', '3NLZ_3XD', '3NLW_3XF', '3NNY_59R', '3NNZ_59W', '3PNE_8AX', '3PNF_8BX', '3PNG_8CX', '3TYL_AXW', '3TYN_CXW', '3TYO_DXW', '3UFP_H4W', '3UFR_H5W', '3UFW_HW0', '4EUX_HW1', '3UFO_HW4', '3UFQ_HW5', '3UFS_HW6', '3UFT_HW7', '3UFU_HW8', '3UFV_HW9', '3JWU_J11', '3JWV_J14', '3B3M_JI1', '3B3N_JI2', '3B3O_JI3', '3JWS_JI4', '3JX3_JI5', '3B3P_JI7', '3SVQ_JK4', '3SVP_JK5', '3NLM_JRR', '3NLK_JSS', '3N2R_XJH']"
P29476,393,49,[#6]1:[#6]:[#6](:[#7]:[#6]2:[#6]:1:[#6]:[#6]:[#6](:[#6]:2)-[#6])-[#7],"['5ADA_2SN', '5AD4_6M8', '5AD6_7M3', '5UNR_8EV', '5UNU_8EY', '5UNX_8F1', '5UNW_8F7', '5UNT_8J1', '5UNS_8J4', '5UNV_8J7', '5AD9_8VJ', '5AD8_9M9', '5VUT_9OG', '5VUU_9OJ', '5VUN_9OM', '5VUO_9OS', '5VUK_9P1', '5VUP_9P4', '5VUR_9P7', '5VUS_9PM', '5VUJ_JHT', '6PMV_M16', '4CAO_M46', '4CDT_M48', '5VUI_M62', '4CAQ_M68', '4CAN_M7K', '5AD7_M85', '4CAM_M87', '5AD5_M94', '4CAP_ML6', '6PN5_OS7', '6PN2_OSD', '6PN1_OSG', '6PN0_OSJ', '6PMW_OSY', '6PMY_OT4', '6PN4_OU1', '6PN8_OU4', '6PN9_OU7', '6PMZ_OUA', '6PN7_OUJ', '6PN3_OUP', '6PN6_OUS', '5VUL_P64', '5VUQ_P94', '5ADC_TUE', '5ADB_XEB', '5VUM_XH8']"
P35557,2,2,"[#6](:[#6]:[#6]:[#6]-,:[#6](-,:[#6]-,:[#6])-[#6](=[#8])-[#7]-[#6]:[#7]:[#6]:[#6]):[#6]:,-[#6]","['4DCH_4DC', '4DHY_S41']"
P35968,20,2,[#16](=[#8])(=[#8])-[#6]1:[#6]:[#6]:[#6](:[#6](:[#6]:1)-[#7]-[#6]1:[#7]:[#6]:[#6](:[#8]:1)-[#6]1:[#6]:[#6]:[#6]:[#6](:[#6]:1)-[#6]:[#6]:[#6]:[#6])-[#8]-[#6],"['1Y6B_AAX', '1Y6A_AAZ']"
P35968,23,2,[#6]-[#7]-[#6](=[#8])-[#6]1:[#6]:[#6](:[#6]:[#6]:[#7]:1)-[#8]-[#6]1:[#6]:[#6]:[#6]:[#6]:[#6]:1,"['2QU6_857', '3WZE_BAX']"
P35968,24,2,"[#6,#7]-[#7,#6](:[#6,#7]):[#6,#7]:[#6](:[#6]):[#7,#6]:[#6]:[#7,#6]:[#6]-[#8]-[#6]1:[#6]:[#6]:[#6](:[#6]:[#6]:1)-[#7]-[#6](=[#8])-[#7]-[#6]1:[#6]:[#6]:[#6]:[#6](:[#6]:1)-[#6](-[#9])(-[#9])-[#9]","['3VHE_42Q', '2OH4_GIG']"
P35968,27,4,"[#6]-[#8]-[#6]1:[#6]:[#6]2:[#6](:[#6]:[#6]:1):[#6](:[#6]:[#6]:[#7]:2)-[#8]-[#6]1:[#6]:[#6]:[#6](:[#6,#7]:[#6]:1)-[#7,#6]-[#6](=[#8])-[#7,#6]","['3U6J_03X', '4ASE_AV9', '3WZD_LEV', '6XVK_O3E']"
P35968,28,3,"[#6](:[#6]):[#6]:[#6](:[#6]-[#7]-[#6]-,:[#6]:[#6]:,-[#6]:,-[#7]:,-[#6]:[#6])-[#6]-,:[#7]-,:[#6]","['5EW3_5T2', '2P2I_608', '3BE2_RAJ']"
P35968,29,2,"[#6]-[#6](:[#6]:[#6]-[#6](=[#8])-[#7]-[#6]1:[#6]:[#6]:[#6]:[#6](:[#6]:1)-[#8]-[#6]1:[#6]:[#6]:[#6]2:[#7,#6](:[#7]:1):[#6,#16]:[#6](:[#7]:2)-[#7]-[#6](=[#8])-[#6]1-[#6]-[#6]-1):[#7,#6]:[#7,#6]","['3VNT_0JA', '3VO3_0KF']"
P35968,31,3,"[#6](:,-[#6]:[#6]):[#7]:[#6](:[#7])-[#7]-[#6]1:[#6]:[#6]:[#6](:[#6]:[#6]:1)-[#8]-[#6]","['2P2H_994', '3EWH_K11', '3CJF_SAV']"
P47811,14,2,"[#6]-[#6]-[#7]1:[#6]2:[#6](:[#7]:[#6]:1-[#7]-[#6]1:[#6]:[#6]:[#6]:[#6]:[#6]:1-[#17,#9]):[#6]:[#7]:[#6](:[#7]:2)-[#7,#8]-[#6]1:[#6](:[#6]:[#6]:[#6]:[#6]:1-[#9])-[#9]","['2GTM_LID', '2GTN_LIE']"
P47811,15,6,"[#6]-[#6](-[#6])(-[#6])-[#6]1:[#6,#16]:[#6](:[#6,#7](:[#16,#6,#7]:1)-[#7,#6]-[#6,#7]-[#6,#7]-[#16,#6]-[#6,#16]-[#6,#7,#16])-[#7]-[#6](=[#8])-[#7]-[#6]1:[#6]:[#6]:[#6]:[#6]:[#6]:1","['3P5K_P5K', '3P78_P78', '3P79_P79', '3P7A_P7A', '3P7B_P7B', '3P7C_P7C']"
P47811,16,2,[#6]-[#7]:[#6](:[#6](:[#6]=[#8])-[#6]1:[#6]:[#6]:[#6](:[#6]:[#6]:1)-[#9])-[#6]1:[#6]:[#6]:[#7]:[#6]:[#7]:1,"['1YWR_LI9', '1YW2_PGJ']"
P49354,5,2,"[#6]1:[#6]:[#6]2:[#6]:[#6]:[#6](:[#6]:[#6]:2:[#6](:[#6]:1)-[#7]1-[#6]-[#6]-[#6](-[#6]-1=[#8])-[#7]-[#6])-[#8]-[#6](:,-[#6](:,-[#6]:,-[#6])-[#6]#[#7]):,-[#6]:,-[#6]-[#6]-[#7]1:[#6]:[#7]:[#6]:[#6]:1","['1LD8_U49', '1LD7_U66']"
P49354,6,2,"[#6](:,-[#6]:,-[#6]-[#7]-[#6]-[#6]-[#7](-[#6]-,:[#6])-[#6]-[#6]1:[#6]:[#7]:[#6]:[#7]:1-[#6]):,-[#6]","['1S63_778', '3E37_ED5']"
P49841,24,2,"[#6]1:[#6,#7]:[#6](:[#6,#7]:[#6]:[#6]:1)-[#6]1:[#6]:[#6]:[#7]:[#6](:[#6]:1)-[#7]-[#6](=[#8])-[#6]1-[#6]-[#6]-1","['4PTE_2WF', '4PTG_2WG']"
P49841,25,3,"[#6]-[#7,#8]-[#6]-[#6]-[#7]-[#16](=[#8])(=[#8])-[#6]1:[#6]:[#6]:[#6](:[#6]:[#6]:1)-[#6]1:[#6]:[#7]:[#6](:[#6](:[#7]:1)-[#6](=[#8])-[#7]-[#6]1:[#6]:[#6]:[#6]:[#7,#6]:[#6]:1)-[#7]","['4ACC_7YG', '6HK3_G8B', '6HK4_G8E']"
P49841,26,2,"[#6]-[#6](-[#6])-[#8]-[#6]1:[#6]:[#6](:[#6]:[#7]:[#6]:1)-[#6](:[#6]:[#6]:[#6](:,-[#6]:,-[#7]:,-[#6]-[#6]):[#7]):[#6]","['6Y9R_OH8', '6Y9S_OHK']"
P49841,27,2,"[#6]-[#8]-[#6]1:[#6]:[#6]:[#6](:[#6]:[#6]:1)-[#6]1:[#6](:[#7]:[#6]:[#8]:1)-[#6](=[#8])-[#7]-[#6]-[#6]:,-[#6]","['5K5N_6QH', '4AFJ_SJJ']"
P49841,34,2,"[#6]1:[#7]:[#7]:[#6](:[#8]:1)-[#6]1:[#6]:[#6]:[#6](:[#6]:[#6]:1):,-[#8]:,-[#6]","['3F7Z_34O', '3GB2_G3B']"
P49841,37,3,"[#6]-[#6]:[#6](:,-[#6](:,-[#6]-,:[#6]-,:[#6]-,:[#6](-,:[#6]-,:[#6])-,:[#6])-,:[#6]1:[#6]:[#6]:[#6]:[#6]:[#6]:1):,-[#6]:,-[#7]","['5HLP_65A', '5KPK_6VK', '1Q3D_STU']"
P49841,39,4,"[#6](:[#6]:[#7]:[#6]):[#6]-[#6]:[#6]:[#6]1:[#6]:,-[#6]:,-[#6]:,-[#7]:,-[#6]:,-1=[#8]","['3DU8_553', '3ZRK_ZRK', '3ZRL_ZRL', '3ZRM_ZRM']"
P50097,4,3,"[#6,#16]1:[#7,#6]:[#6](:[#7,#6]:[#7,#6]:1-[#6]1-[#6](-[#6](-[#6](-[#8]-1)-[#6]-[#8]-[#15](=[#8])(-[#8,#6])-[#8])-[#8])-[#8])-[#6](=[#8])-[#7]","['1PVN_MZP', '1ME8_RVP', '1LRT_TAD']"
P50579,19,3,"[#6]1:[#6]:[#6]:[#6](:[#6]:[#6]:1)-[#7]1-[#6]-[#6]-[#6](-[#6]-1=[#8])(-[#6](=[#8])-[#7]-[#6]-[#6]-,:[#6]:[#6]:[#6]:[#6])-[#8]","['6QED_HZK', '6QEF_HZW', '6QEG_K4K']"
P50579,21,2,"[#6]-,:[#6]1:[#6]:[#6]:[#6]:[#6]:[#6]:1-[#8]-[#6]-[#6]1-[#6]-[#6]-[#6]-[#7]-1-[#6](:[#6]:[#6]:[#7]):[#7]:[#6]:[#7]","['5LYX_7BF', '5LYW_7BH']"
P50579,22,5,"[#6,#35]-[#6]1:[#6]:[#6]:[#6](:[#6](:[#6]:1)-[#6](=[#8])-[#8])-[#7]-[#16](=[#8])(=[#8])-[#6]1:[#6]:[#6]:[#6]:[#6]:[#6]:1","['2GA2_A19', '1YW7_A41', '1YW9_A84', '2EA2_F77', '2EA4_F79']"
P50579,23,2,"[#6](:[#6]:[#6]:,-[#6]-[#7]-[#7]-[#6](=[#8])-[#6](-[#6](-[#6]-[#6])-[#7])-[#8]):[#6]:[#6]","['1R5H_AO2', '1R58_AO5']"
P53779,31,2,[#6]-[#6]-[#6]-[#7]1:[#6](:[#6](:[#7]:[#6]:1-[#6]1-[#6]-[#6]-[#7]-[#6]-[#6]-1)-[#6]1:[#6]:[#6]:[#6](:[#6](:[#6]:1)-[#17])-[#17])-[#6]1:[#6]:[#6]:[#7]:[#6](:[#7]:1)-[#7]-[#6](-[#6])-[#6],"['4Z9L_880', '1PMN_984']"
P53779,33,2,[#6]-[#6]1:[#6]:[#16]:[#6](:[#6]:1-[#6]1:[#7]:[#7]:[#6]:[#7]:1)-[#7]-[#6](=[#8])-[#6]-[#7]1-[#6]2:[#6]:[#6]:[#6]:[#6]:[#6]:2-[#6]-[#6]-[#6]-1=[#8],"['3RTP_34I', '3PTG_932']"
P53779,36,2,[#6]1:[#6]:[#6]2:[#6](:[#6]:[#6]:1)-[#6](-[#6](-[#7]-2-[#6]-[#6]1:[#6]:[#6](:[#6]:[#6]2:[#6]:1-[#8]-[#6]-[#8]-[#6]-2)-[#9])=[#8])=[#7]-[#8],"['3G9L_J67', '3G90_J72']"
P53779,38,2,"[#6]1:[#6]:[#6]:[#6]:[#6](:[#6]:1)-[#6](=[#8])-[#7]-[#6]1:[#6](:[#6]2:[#6](:[#16]:1)-[#6]-[#6,#7]-[#6]-[#6]-2)-[#6]#[#7]","['2O2U_738', '2O0U_C0M']"
P53779,39,2,"[#8]-[#6]1:,-[#6]:,-[#6]:,-[#6](:,-[#6]:,-[#6]:,-1)-[#7]-[#6]1:[#7]:[#6]:[#6]2:[#6](:[#7]:1):[#7](:[#6](:[#7]:2)-[#7]-[#6]1:[#6]:[#6]:[#6]:[#6]:[#6]:1-[#9])-[#6](-[#6])-[#6]-[#6]","['3TTJ_JBI', '3TTI_KBI']"
P53779,40,5,"[#6]-,:[#6]:[#6]:[#6](:[#6]:[#6])-[#7]-[#6](=[#8])-[#6]1:[#6]:[#6]:[#6]:[#6](:[#6]:1)-[#7]1:[#6]:[#6]:[#6]:[#7]:1","['4W4V_3H8', '4W4W_3HJ', '4W4Y_3HQ', '3FI2_JK1', '3FI3_JK2']"
P53779,42,4,"[#6]-,:[#7]-,:[#6](-,:[#6]-,:[#6]-[#6]-,:[#7]-,:[#6](:,-[#7]:,-[#6]:,-[#6]:,-[#6]:,-[#7](:,-[#6]=[#8])-[#6]-[#6]):[#7])-,:[#6]-,:[#6]","['4X21_3WH', '4Y46_4F2', '4Y5H_519', '2P33_J07']"
P53779,43,4,"[#6]-,:[#6]:,-[#7]:[#6]:[#7]:[#6]-[#6](:[#6]:[#6]):[#6]:[#6]-[#7]-[#6]:,-[#6]","['3OY1_589', '6EKD_B9K', '6EMH_BGE', '3KVX_FMY']"
P53779,45,2,"[#6](:[#6]:[#6]:[#6]-,:[#6]-[#7]-[#6]-,:[#6]:[#6]:[#6](:[#6]:[#7])-,:[#6](:,-[#6](:[#6])-,:[#6]:[#6]:[#6]:[#6]:,-[#6]):[#7]):[#6]","['2OK1_33A', '2B1P_AIZ']"
P55859,11,2,"[#6](:[#6](:[#6]1:[#6,#7]:[#6](:[#7]:[#6]:[#7,#6]:1)-[#8,#7])-[#6]1-[#6](-[#6](-[#6](-[#7]-1)-[#6]-[#8])-[#8])-[#8]):[#7]","['1B8N_IMG', '1B8O_IMH']"
P55859,14,5,"[#6]1:[#6,#7](:[#6]2:[#6](:[#7]:1):[#6](=[#8]):[#7]:[#6]:[#7]:2)-[#6]-[#6]-[#6,#8]-[#6,#8]-[#6]-[#15](=[#8])(-[#8])-[#8]","['3FUC_9D9', '1V48_HA1', '2AI2_P1D', '2AI1_P1G', '2AI3_P2G']"
P56658,17,9,[#6]-[#6]-[#6](-[#6]-[#8])-[#7]1:[#6]:[#6](:[#7]:[#6]:1)-[#6](=[#8])-[#7],"['1NDW_FR2', '1NDY_FR3', '1UML_FR4', '1NDZ_FR5', '2E1W_FR6', '1V79_FR7', '1QXL_FR8', '1O5R_FR9', '1V7A_FRC']"
P9WIL5,24,3,"[#6]-[#6](-[#6])-[#6](-[#6](=[#8])-[#7]-[#16](=[#8])(=[#8])-[#8]-[#6]-[#6]1-[#6](-[#6](-[#6](-[#8]-1)-[#7]1:[#6]:[#7]:[#6]2:[#6]:1:[#7]:[#6]:[#7]:[#6]:2-[#7])-[#8])-[#8])-[#7,#8]","['3COW_52H', '3COY_53H', '3COZ_54H']"
P9WIL5,29,4,[#6]-[#8]-[#6]1:[#6]:[#6]:[#6]2:[#6](:[#6]:1):[#6]:[#6](:[#7]:2)-[#6](=[#8])-[#7]-[#16](=[#8])(=[#8])-[#6],"['3ISJ_A8D', '3IUB_FG2', '3IUE_FG3', '3IVX_FG6']"
P9WIL5,31,4,[#6]1:[#7]:[#6](:[#6]2:[#6](:[#7]:1):[#7](:[#6]:[#7]:2)-[#6]1-[#6](-[#6](-[#6](-[#8]-1)-[#6]-[#16])-[#8])-[#8])-[#7],"['3IOB_A4D', '3IOC_A5D', '3IOD_A6D', '3IOE_A7D']"
P9WIL5,33,5,"[#6](:[#6]:[#6,#8]:[#6]-[#16,#6]-[#7,#8]-[#6]-[#6]1:[#6]:[#6]2:[#6](:[#7]:1-[#6]-[#6](=[#8])-[#8]):[#6]:[#6]:[#6](:[#6]:2)-[#8]-[#6]):[#6]:[#7,#6]","['3LE8_2B5', '3IUE_FG3', '3IVC_FG4', '3IVG_FG5', '3IVX_FG6']"
P9WKE1,12,4,[#6]-[#6]1:[#6]:[#7](:[#6](:[#7]:[#6]:1=[#8])=[#8])-[#6]1-[#6]-[#6](-[#6](-[#8]-1)-[#6]-[#8])-[#8],"['1MRS_5HU', '1MRN_T5A', '1W2G_THM', '1GTV_TMP']"
P9WKE1,14,3,"[#16,#6]-[#6]1:[#6](:[#6](=[#8]):[#7]:[#6](:[#6]:1)-[#6]1:[#6]:[#6]:[#6]:[#6](:[#6]:1)-[#8,#6])-[#6]#[#7]","['4UNQ_H6D', '4UNR_QZE', '4UNN_QZZ']"
P9WKE1,15,2,[#6]-[#6]-[#6]1:[#6]:[#6]2:[#6](:[#6](:[#7]:1)-[#6]):[#6]:[#6]:[#6](:[#7]:2)=[#8],"['4UNS_QZ3', '4UNP_TXW']"
Q07343,23,2,[#6]-[#8]-[#6]1:[#6]:[#6]:[#6](:[#6]:[#6]:1-[#8]-[#6]-[#6]-[#6]-[#6])-[#6](=[#8])-[#7]-[#6]1:[#6](:[#6]:[#7]:[#6]:[#6]:1-[#17])-[#17],"['1XM4_PIL', '1XMU_ROF']"
Q07343,24,3,"[#6]-[#6]-[#7]1:[#6]2:[#6](:[#6]:[#7]:1):[#6](:[#6](:[#6]:[#7]:2)-[#6]-,:[#7]-,:[#6]-,:[#6]:,-[#6])-[#7]-[#6]1-[#6]-[#6]-[#8]-[#6]-[#6]-1","['3D3P_20A', '3O56_ZG1', '3O57_ZG2']"
Q07343,25,2,"[#6]-[#6]-[#6]-[#6]1:[#6,#7]2:[#6](:[#7,#6](:[#7]:1)-[#6]):[#6](=[#8]):[#7]:[#6](:[#7]:2)-[#6]1:[#6]:[#6](:[#6]:[#6]:[#6]:1-[#8]-[#6]-[#6])-[#16](=[#8])(=[#8])-[#7]1-[#6]-[#6]-[#7](-[#6]-[#6]-1)-[#6]","['1XOT_VDN', '1XOS_VIA']"
Q07343,26,2,[#6]-[#6]-[#6]1:[#6]:[#6]:[#6](:[#6](:[#6]:1)-[#8]-[#6]1-[#6]-[#6]-[#6]-[#6]-1)-[#8]-[#6],"['1XLX_CIO', '1XLZ_FIL']"
Q07343,31,2,"[#6]-[#6]-[#6]-[#8]-[#6]1:[#6]:[#6](:[#6]:[#6]:[#6]:1-[#8]-[#6])-[#6]-[#6]-[#7,#6]-[#6](=[#8])-[#8,#7]","['1XM6_5RM', '5LAQ_6M5']"
Q07343,34,6,"[#8,#6]-[#6]1:[#6,#7]:[#6]:[#6,#7]:[#6](:[#6,#7]:1)-[#7]-[#6](:[#6]:[#6]:[#6]-[#16,#6]-[#6]):[#6]:[#6]","['3GWT_066', '4MYQ_19T', '4NW7_2O5', '3W5E_NVW', '3WD9_QPC', '3FRG_SK4']"
Q07912,4,3,"[#6](:[#6]:[#6]:[#6]-,:[#6]:,-[#7]:,-[#6]:,-[#6](:[#6]):[#6](:[#7]:[#6]:[#7])-,:[#7]-[#6]):[#6]:,-[#6]","['5ZXB_9KO', '3EQR_T74', '4EWH_T77']"
Q08499,39,2,[#6]1:[#6]:[#6](:[#6]:[#7](:[#6]:1)-[#8])-[#6]-[#6](-[#6]1:[#6]:[#6]:[#6](:[#6](:[#6]:1)-[#8]-[#6]1-[#6]-[#6]-1)-[#8]-[#6](-[#9])-[#9])-[#6]1:[#7]:[#6]:[#6](:[#16]:1)-[#6](-[#6](-[#9])(-[#9])-[#9])(-[#6](-[#9])(-[#9])-[#9])-[#8],"['2FM0_M98', '2FM5_M99']"
Q08499,53,2,[#6]-[#6](=[#6]-[#6]-[#6]1:[#6]2:[#6](:[#6]:[#6](:[#6]:1-[#8]-[#6])-[#8]):[#8]:[#6]1:[#6](:[#6]:2=[#8]):[#6](:[#6](:[#6](:[#6]:1)-[#8]-[#6](-[#6])(-[#6])-[#6])-[#6])-[#8])-[#6],"['6KK0_M36', '6KJZ_MKU']"
Q08499,54,2,"[#6]-[#7]-[#6](=[#8])-[#7]1-[#6]-[#6]-[#6]2:[#6](-[#6]-1):[#16]:[#6](:[#6]:2-[#6](=[#8])-[#8]-[#6])-[#7]-[#6](=[#8])-[#6]-[#6](:[#6]:[#6]):[#6,#16]:[#6]","['3SL4_JN4', '3SL6_JN8']"
Q08499,59,2,"[#6]-[#6](-[#6])-[#7]1-[#6](=[#8])-[#6]2-[#6]-[#6]=[#6]-[#6]-[#6]-2-[#6](=[#7]-1)-[#6]1:[#6]:[#6]:[#6](:[#6](:[#6]:1)-[#6,#8])-[#8]-[#6]","['5LBO_6M5', '6HWO_FFZ']"
Q08499,60,5,[#6]-[#6]-[#8]-[#6](=[#8])-[#6]1:[#6](:[#7]:[#7]:[#6]:1-[#6])-[#6],"['1Y2C_3DE', '1Y2D_4DE', '1Y2E_5DE', '1Y2K_7DE', '1Y2B_DEE']"
Q08499,61,8,[#6]-[#8]-[#6]1:[#6]:[#6]2:[#6](:[#6]:[#6]:1-[#8]-[#6])-[#6]-[#7](-[#6]-[#6]-2)-[#6]=[#8],"['6IM6_AH3', '6IMI_AH6', '6IMD_AH9', '6IMO_AJL', '6IMR_AJX', '6IMT_AK0', '6IND_AKO', '6INK_AKU']"
Q08499,62,3,"[#6]1:[#6]:[#6](:[#6]:[#6](:[#6]:1)-[#7](=[#8])-[#8])-[#6,#7]1:[#6,#7]:[#6,#7](:[#6]:[#6]2:[#6]:1:[#7]:[#6]:[#6]:[#6]:2)-[#6]","['3G58_988', '3G4G_D71', '2QYN_NPV']"
Q08499,63,10,[#6]-[#8]-[#6]1:[#6]:[#6]:[#6](:[#6]:[#6]:1-[#8]-[#6]1-[#6]-[#6]-[#6]-[#6]-1)-[#6],"['1XOM_CIO', '6F6U_CV8', '6F8R_CZK', '6F8U_CZQ', '6F8T_CZT', '6F8X_D08', '6F8V_D0B', '6F8W_D0E', '1XON_PIL', '3G4K_ROL']"
Q08499,64,3,"[#6]-[#8]-[#6]1:[#6]:[#6]:[#6](:[#6]:[#6]:1-[#8]-[#6])-[#6](=[#8])-[#7,#6]-[#6]1:[#6](:[#6]:[#7]:[#6]:[#6]:1-[#17])-[#17]","['4WCU_3KQ', '1XON_PIL', '1XOQ_ROF']"
Q24451,44,2,[#6](-[#6]1-[#6](-[#6](-[#6](-[#6](-[#16]-1)-[#7])-[#8])-[#8])-[#8])-[#8],"['1R33_LKA', '1R34_LKS']"
Q24451,48,6,[#6]1-[#6](-[#6](-[#6](-[#6]-1-[#8])-[#8])-[#8])-[#7],"['2F7P_2SK', '3DX4_GOO', '2F7O_MSN', '3DX2_MZB', '3DX1_YHO', '3DX3_YTB']"
Q24451,50,6,"[#6]-[#16,#7]-[#6](-[#6]-[#7]-[#6]-[#6]1:[#6]:[#6]:[#6]:[#6]:[#6]:1)-[#6](-[#6]-[#8,#6])-[#8]","['2F7P_2SK', '2F18_GB1', '2F1A_GB2', '2F1B_GB3', '3DDF_GB6', '3DDG_GB7']"
Q24451,52,7,"[#6](-[#6](-[#6](-[#6]-[#8])-[#8])-[#8])-,:[#7]-[#6]-[#6]-[#8]","['1HXK_DMJ', '3D52_GHR', '3D4Z_GIM', '3D51_GOX', '1PS3_KIF', '3D4Y_MVL', '2FYV_W72']"
Q24451,55,9,"[#6]1-[#6]-[#6]-[#16,#7]2-[#6](-[#6]-1)-[#6](-[#6](-[#6]-2)-[#8])-[#8]","['3EJP_HN2', '3EJQ_HN3', '3EJR_HN4', '3EJS_HN5', '3EJT_HN6', '3EJU_HN7', '2OW6_NK1', '2OW7_NK2', '1HWW_SWA']"
Q54276,7,4,[#6]1-[#6]-[#6]2-[#7](-[#6]-1)-[#6](-[#6]-[#7]-[#6]-2=[#8])=[#8],"['1W1V_ALJ', '1W1T_CHQ', '1W1P_GIO', '1W1Y_TYP']"
Q79MP6,2,2,[#6]1:[#6]:[#6]:[#6](:[#6]:[#6]:1)-[#6]-[#6](-[#6](-[#6]-[#6]1:[#6]:[#6]:[#6]2:[#6](:[#6]:1)-[#8]-[#6]-[#8]-2)-[#6](=[#8])-[#8])-[#6](=[#8])-[#8],"['1JJT_BDS', '1JJE_BYS']"
Q8I3X4,4,3,"[#6]1:[#6](:[#6]2:[#6](:[#7]:1):[#6]:[#7]:[#6]:[#7]:2)-[#6]-[#6,#7](-[#6]-[#6](-[#7,#6])-[#6]-[#8,#16])-[#8,#6]","['6AQS_IM5', '1NW4_IMH', '1Q1G_MTI']"
Q9GPQ4,6,4,"[#6](:[#6]:[#7]:[#6]:[#6]):,-[#6]:,-[#7]-[#6]-[#6](-[#6]-[#8])-[#8]","['1HP0_AD3', '3B9G_IMH', '3EPX_IMQ', '3EPW_JMQ']"
